continent,country,dataset_name,provider,coverage,source_type,label_or_geometry,confirmed_pv_presence_label,scale_or_record_count,license_or_access,recommended_earthpv_use,priority,source_url,last_updated,notes
Global,Global,OpenStreetMap Solar PV,OpenStreetMap contributors,Global,Crowdsourced geospatial registry / label source,"PV generator polygons, ways, relations and points using solar/generator tags",Yes where mapped; coverage is incomplete,Global and continuously changing,Open Database License (ODbL) 1.0; attribution/share-alike requirements apply,Global bootstrap positives; candidate labels; local mapping campaigns; never treat absence as a negative,A+,https://www.openstreetmap.org/,Live/continuous; checked 2026-09-13,EarthPV already uses OSM as a primary global label source. Completeness varies strongly by country and PV system size.
Global,Global,Global Inventory of Photovoltaic Solar Energy Generating Units,Kruitwagen et al. / University of Oxford / Descartes Labs / WRI,Global,Direct training/validation dataset + model-derived inventory,"OSM-derived training PV polygons, manually curated validation/test polygons, and predicted global PV polygons",Mixed: training/validation polygons are observed labels; predicted inventory is model-derived,"18,570 training AOIs; 36,882 OSM training polygons; 68,661 predicted polygons",Public Zenodo dataset; verify repository license for redistribution/derivative packaging,Global geographic pretraining and large-PV segmentation; validation; pseudo-label candidate generation,B+,https://zenodo.org/records/5005868,2021-10-27 (Zenodo modified),"Skews toward larger generating units compared with small residential rooftop PV, so use with stratification."
Global,Global,Global Photovoltaic Solar Panel Dataset 2019-2022,Li et al.,Global,Model-derived global dataset + manual validation/training samples,Annual 20-m PV maps with manually annotated sub-meter image samples and validation polygons,Mixed: manual samples yes; global annual layers are model-derived,Annual global maps for 2019-2022; 179 manually annotated 0.6-m images reported,Open Scientific Data publication; underlying Google Earth imagery has separate terms,"Global pseudo-labels, temporal change supervision, sampling priors and validation; not a substitute for local rooftop gold labels",B+,https://www.nature.com/articles/s41597-025-04985-y,2025-04-16 (publication),Useful for geographic coverage and temporal priors; audit imagery licensing before reusing high-resolution source images.
Africa,Global (Africa 9.1% of tiles),African Rooftop Photovoltaic Dataset,Shanghai University of Electric Power et al. / iScience,"Global tile mix, verified from the published archive 2026-09-19: Sevilla 28.7%, Los Angeles 13.8%, USAE 8.0%, New York 5.7%, SAFK 5.1%, China 4.8%, Shanghai 4.1%, AFK 4.0%, plus AU/JP/VN/TH. African tiles (AFK+SAFK) 223 of 2,454 = 9.1%. Isipingo Beach (Durban, South Africa) is the only named site.",Direct training dataset,"Pixel-wise masks as 512x512 uint8 TIFF. NOT georeferenced: CRS None, identity transform, bounds in pixel space. No polygons, and none derivable.",Yes,"2,454 training label tiles verified in train_labels.rar (paper states 2,957 incl. val/test); tiles carry no country metadata beyond an opaque filename prefix.","NO LICENSE FILE in the repository (8 files, none a licence), so default copyright applies and no reuse or redistribution is granted. Archives are git-LFS .rar.","Segmentation training chips only, and only if the licence is cleared. CANNOT provide calibration quadrats: roofclf calibration needs a located, bounded, exhaustively mapped area and these tiles have no location at all.",C,https://github.com/Linboa/African-Rooftop-Photovoltaic-Dataset,2026-09-19 (files inspected; paper release 2026-07-13),"Downgraded from A+ on 2026-09-19 after inspecting the published files rather than the paper. Three earlier claims are unsupported: multi-country African coverage (it is 9.1% African and the plurality is Seville), country metadata accompanying samples (filename prefixes only), and usability for continental calibration (no georeferencing). The masks themselves are genuine and the imagery is real; the value is domain-adaptation training, not labels with a place."
Africa,Botswana,Botswana Rooftop Solar Programme Net-Metered Participant Register,Botswana Power Corporation / Botswana Energy Regulatory Authority,National Botswana; register captures city/zone/feeder,Administrative registry / partnership target,"Participant facility register with active/decommissioned status, capacity and geography (city, zone, feeder); individual register maintained electronically",Yes for registered active participants; rooftop/ground field may require filtering,Dynamic national Rooftop Solar Programme participant register,Register is not publicly downloadable; BERA rules/guidelines confirm its existence and reporting fields—requires BPC/BERA data agreement,High-value national Silver-label partnership source; request privacy-safe facility coordinates/building identifiers plus active/decommissioned status,B+,https://www.bera.co.bw/electricity.php,2024-10-09,2024 guidelines explicitly call for reporting active/decommissioned RTS systems with city/zone/feeder information from the net-metered participant register.
Africa,Egypt,Egypt PV Hub Solar Station Map / Registry,Egypt PV Hub,National Egypt,Interactive administrative/project registry / partnership target,Interactive map and database of solar PV systems/projects; station-level information presented through the platform,Likely project presence; bulk-label quality requires audit,Platform reports national installed PV totals and maps executed solar stations; record count is dynamic,Public interactive platform; no open bulk-download license located—request structured export from platform owners,Potential Silver C&I/rooftop positive source; prioritize Cairo/Alexandria/Nile Delta building matching after obtaining coordinates,B+,https://pv-hub.org/,Not stated; live portal checked 2026-09-13,"Treat as partnership/registry source until the underlying station table, geospatial precision and rooftop/ground classification are confirmed."
Africa,Ethiopia,Addis Ababa Rooftop Solar Potential Mapping,NEO / World Bank energydata.info,Addis Ababa sample area,Building/roof context dataset,Building footprint polygons + rooftop attributes,No,Individual-building structure level,CC BY 4.0,Roof masks; hard-negative generation; localization sampling,B+,https://energydata.info/dataset/addis-abeba-rooftop-solar-potential-mapping,2022-04-15,Not an installation registry.
Africa,Ghana,Accra Rooftop Solar Potential Mapping,NEO / World Bank energydata.info,Accra sample area,Building/roof context dataset,Building footprint polygons + suitable area/capacity/building type,No,Individual-building structure level,CC0 1.0,"Roof masks, negative sampling, candidate prioritization",B+,https://energydata.info/dataset/accra-rooftop-solar-potential-mapping,2022-04-15,0.5 m stereo imagery used to derive roofs.
Africa,Kenya,KakumaAerial Dataset,Microsoft AI for Good / collaborators,"Kakuma and Kalobeyei refugee camps, Turkana County",Direct training dataset,"High-resolution aerial imagery with semantic masks for buildings and solar panels; hard-negative points, manually curated background polygons and roof-material chips",Yes,17.3 GB tiled imagery plus segmentation masks and train/validation/test splits,Open Zenodo record; verify dataset and underlying OpenAerialMap/OSM licensing before redistribution,Gold/strong Silver African segmentation labels; small-system morphology; hard-negative and roofclf training,A+,https://zenodo.org/records/14727217,2025-01-23,Particularly valuable because it includes explicit hard negatives and building/solar semantic classes in a difficult humanitarian settlement domain.
Africa,Kenya,Kilifi South rooftop solar detection labels / map,WRI Africa / Energy Access Explorer,Kilifi South / Kilifi town,Research training dataset / mapped detections,Manually labelled PV in high-resolution imagery; georeferenced detected systems,"Model detections (YOLOv8, 94% reported accuracy), not exhaustive hand labels.",274 rooftop PV systems identified in Kilifi town; exact training-set size not published in article,No downloadable dataset located 2026-09-19; article describes method only. No licence stated.,"Bronze only: an active-learning pool if obtained. Agreement with it is not validation, per the OpenPVMapper finding.",B-,https://africa.wri.org/fr/node/885,2025-06-05,Model trained with manually labelled high-resolution images; >90% precision reported.
Africa,Kenya,Nairobi Rooftop Solar Potential Mapping,NEO / World Bank energydata.info,Nairobi sample area,Building/roof context dataset,Building footprint polygons + suitable area/capacity/building type,No,Individual-building structure level,CC0 1.0,Roof masks; sampling frame; verified-negative collection,B+,https://energydata.info/en/dataset/nairobi-rooftop-solar-potential-mapping,2022-04-15,Useful complement to WRI Kilifi PV-presence labels.
Africa,Madagascar,Solar Energy Data and Annotated PV Images in Madagascar,Lacuna Fund-supported project / Zenodo,Madagascar; satellite and drone collection areas,Direct training dataset,"Manually annotated satellite and drone images; placement fields include roof, open space, both and window; panel counts/area for satellite imagery",Yes; 25% field verification reported,"11,154 manually processed images; annual update intended",Open Zenodo record; explicit license field should be checked before redistribution,"Excellent African gold/strong-Silver labels, especially for sparse/off-grid PV and mixed placement types",A+,https://zenodo.org/records/15336414,2025-05-28,Methodology combines visual identification with field verification of 25% of identifications.
Africa,Mauritius,"2022 Housing Census – Electricity from CEB, Photovoltaic and Other Sources",Statistics Mauritius / Open Data Mauritius,"Mauritius; island, district and local geographical areas",Official census / aggregate statistics,Housing units/households/population by geographic area and electricity source including photovoltaic,Aggregate,"1,665 CSV records in census-derived table",CC BY-SA 4.0,Fine-grained prevalence calibration and hotspot sampling; compare EarthPV predictions with census solar-electricity prevalence,B+,https://data.govmu.org/dataset/number-housing-units-occupied-private-households-households-and-population-geographical,2026-04-14,"Census measure is electricity source, not a rooftop geometry label; useful for administrative calibration."
Africa,Morocco,Nador Rooftop Solar Potential GIS / 3D Building Model,Research study authors,Nador,Research / building-roof context dataset,"LiDAR/photogrammetry-derived 3D buildings and GIS solar-cadastre variables including suitable roof area, slope, orientation and shading",No; potential only,Study reports 336 ha of suitable rooftop area across the study area,Open-access paper; standalone GIS data download not located—contact authors,"North African roof-context layer, sampling frame and hard-negative generation if geometries can be obtained",B,https://www.sciencedirect.com/science/article/pii/S2096511725000787,2025-08-26,Do not use as PV-presence ground truth; value is roof morphology and potential stratification.
Africa,Namibia,Licensed Rooftop Systems (Operational),Electricity Control Board of Namibia,"Windhoek, Khomas Region",Official installation registry/list,Named operational rooftop PV systems with installed capacity,Yes,5 operational rooftop systems listed in Jun 2023; 8.936 MW total,Public regulator PDF; reuse license not stated,Small but high-confidence named-building Silver positives for Windhoek; useful for C&I rooftop validation,B+,https://www.ecb.org.na/wp-content/uploads/2023/06/Rooftops.pdf,2023-06 (PDF publication path; exact day not stated),Examples include brewery and shopping-mall rooftops; geocode named properties and verify against imagery/date.
Africa,Nigeria,Afe Babalola University Rooftop Solar PV Potential Dataset,Research dataset / Mendeley Data,"Ado-Ekiti, Ekiti State; Afe Babalola University College of Engineering",Building/roof context dataset,"Roof surface areas, usable areas, orientations, panel-fit counts, rated capacity and 3D-building information",No; roof potential only,Building/roof-level engineering dataset for university buildings,CC BY 4.0,"West African institutional-roof context, roofclf negatives/sampling, and capacity sanity checks",B,https://data.mendeley.com/datasets/ysgkfmk6g2,Not stated; Mendeley dataset checked 2026-09-13,Adds Ekiti State beyond existing Lagos coverage; do not treat potential panel layouts as observed installations.
Africa,Nigeria,Lagos Rooftop Solar Potential Mapping,NEO / World Bank energydata.info,Lagos city sample area,Building/roof context dataset,Building footprint polygons + rooftop attributes,No,Individual-building structure level,CC0 1.0,Legacy benchmark / roof-context labels,B,https://energydata.info/dataset/lagos-rooftop-solar-potential-mapping,2022-04-15,Older city-center release; superseded for many uses by Lagos State dataset.
Africa,Nigeria,NERC Licencees / Generation Permits,Nigerian Electricity Regulatory Commission (NERC),Nigeria,Official generation licensing registry,"Licensed generator records with site/address, state, capacity, status and generation technology including solar","Yes for licensed projects, but mostly larger/embedded generation rather than residential rooftop",National licencee list; dynamic,Public NERC licencee list/download,Validate larger and embedded solar systems; hard examples and regional priors; limited utility for small residential rooftop labels,C+,https://nerc.gov.ng/need-help/services/licencees/,Live licencee page checked 2026-09-13; downloadable list page dated 2024-02-01,Use selectively because this registry does not comprehensively cover household rooftop PV.
Africa,Nigeria,Lagos State Rooftop Solar Potential Mapping,NEO / World Bank energydata.info,Lagos State,Building/roof context dataset,Building footprint polygons + suitable area/capacity/building type,No,State-scale building-level dataset; CSV ~323 MB,CC0 1.0,Very useful roof universe for active learning and building matching,A-,https://energydata.info/en/dataset/lagos-state-rooftop-solar-potential-mapping,2024-08-27,Newer and much larger than the older Lagos city-center release.
Africa,Rwanda,Rwanda UAV Solar PV Annotations,Duke / RTI researchers,"6 provinces, 15 collection phases",Direct training dataset,PV polygons and binary masks,Yes,214 PV instances; paired with UAV RGB imagery,Annotations published on Figshare; page states CC-BY-NC-SA-4.0 in text while metadata also shows CC BY 4.0—license should be reconciled before use,Excellent African small-solar-home-system localization; segmentation/domain adaptation,A+,https://figshare.com/articles/dataset/Solar_photovoltaic_annotations_for_computer_vision_related_to_the_Classification_Training_Dataset_for_Crop_Types_in_Rwanda_drone_imagery_dataset/18094043,2022 (Figshare/publication release; exact record modification date not verified),One of the rare open African PV-presence label datasets.
Africa,Senegal,Registre solaire du Sénégal / Observatoire National du Solaire,Observatoire National du Solaire,National Senegal; regional filtering available,Open installation registry / API,"Installation records with region, latitude/longitude, type/class/topology, sector, kWp, panel count, install date, verification status and origin","Declared only: all 478 carry statut_verification 'Declare' and none is verified, so absence cannot be read as a negative.","478 installations nationally, 8.80 MWc, verified from the API 2026-09-19; 476 geolocated at ~4 decimals. Sectors: Agriculture 379, Pompage 42, Telecom 42, Residentiel 11, Production 3. Median 5.0 kWc; 3 sites hold 6.7 of 8.8 MWc.",CC BY 4.0,Sparse geolocated positives and a national adoption prior. NOT a calibration area: densest 0.1 deg cell holds 12 installations and the population is agricultural pumping rather than rooftop.,B,https://registry.nrjsolaire.sn/donnees,Not stated; live registry checked 2026-09-13,"Downgraded from A+ 2026-09-19 after pulling the API. Licence and access are genuinely good (CC BY 4.0, JSON/CSV); the limitation is that it is a voluntary declaration registry, not a mandatory register like MaStR or ODRE."
Africa,South Africa,Cape Town Small-Scale Embedded Generation (SSEG) Registration / Authorization Records,City of Cape Town,Cape Town,Municipal administrative registry / partnership target,Property-level SSEG applications/registrations; rooftop solar systems are required to be authorized/registered,Potentially yes after filtering approved/commissioned records,Municipal registry; no complete open building-level export identified in initial scan,Application portal is public; detailed registry export likely requires municipal partnership/data request,High-value municipal Silver labels if geocoded export can be obtained; validation and exhaustive local calibration,A,https://www.capetown.gov.za/ApplyforSSEG,Live municipal process; checked 2026-09-13,Distinct from the public City facilities layer: this is the broader SSEG administrative process and a partnership opportunity.
Africa,South Africa,SSEG Applications (Export Agreement) feature layer,Breede Valley Municipality GIS,Breede Valley Municipality,Municipal registry / geospatial feature service,Point locations with SSEG application/export status,Likely yes; application records,"Feature layer, queryable as JSON/GeoJSON; record count dynamic",Public ArcGIS REST endpoint; copyright/license field not specified,Silver positives after status filtering; local validation; candidate sampling,A,https://arcgis.bvm.gov.za/arcgis/rest/services/Directorates/EngineeringServices/MapServer/30,Not stated; dynamic ArcGIS layer checked 2026-09-13,Directly geospatial municipal SSEG applications; confirm whether approved/commissioned before training.
Africa,South Africa,Smart Facilities Solar,City of Cape Town,Cape Town municipal facilities,Municipal geospatial operational dataset,Point locations + solar generation attributes,Yes for municipal facilities,"839 rows over 23 DISTINCT council facilities, verified via the ArcGIS REST layer 2026-09-19; the rows are a monthly generation time series, not 839 sites.",Public ArcGIS REST service; municipal copyright notice,Clean institutional-rooftop positives; calibration and hard-domain examples,B-,https://citymaps.capetown.gov.za/agsext/rest/services/Theme_Based/Open_Data_Service/MapServer/177,Not stated; dynamic ArcGIS layer checked 2026-09-13,"Only council facilities, so biased toward public/institutional roofs."
Africa,South Africa,South Africa Rooftop Solar Potential Mapping,NEO / World Bank energydata.info,"Johannesburg, Witbank, Ermelo, Hendrina and sample areas",Building/roof context dataset,"Building footprint polygons with suitable area, installable capacity, roof/building attributes",No; potential not installed PV,Large city-level building datasets in GDB/CSV,CC BY 4.0,"Roof masks, stratified sampling, verified-negative creation, roof-type/domain adaptation",A-,https://energydata.info/dataset/south-africa-rooftop-splar-potential-mapping,2024-06-18,Do not treat potential as PV presence. Useful for roofclf and sampling.
Africa,Tanzania,Dar es Salaam Rooftop Solar Potential Mapping,NEO / World Bank energydata.info,Dar es Salaam city center,Building/roof context dataset,"Building polygons; area, suitable area, kW, kWh, height, roof angle, building type",No,CSV ~63 MB plus vector data,CC0 1.0,Roof masks; negative sampling; stratified local annotation,B+,https://energydata.info/dataset/dar-es-salaam-rooftop-solar-potential-mapping,2022-04-15,"Potential dataset, not installation labels."
Africa,Tunisia,PROSOL Elec Photovoltaic Programme Evolution,ANME / Tunisia National Open Data Portal,National Tunisia,Official aggregate statistics,Historical programme deployment statistics for grid-connected low-voltage photovoltaic systems,Aggregate,XLS time series for PROSOL Elec; portal metadata updated 11 Mar 2025,Tunisia open-data portal; license identifier shown on catalog—verify exact reuse terms in metadata,National calibration/historical adoption prior; identify temporal/domain shift when selecting Tunisian annotation areas,B,https://catalog.data.gov.tn/dataset/tn-evolution-programme-solaire-photopholtaique-prosol-elec,2025-03-11,PROSOL Elec is photovoltaic; do not confuse with PROSOL residentiel solar-water-heater datasets.
Africa,Uganda,ProREU Solar PV Map – Lango Sub-region,ACSET Uganda / Urbis Foundation / GIZ,"Lango Sub-region, Northern Uganda",Open mapped installation dataset,"Mapped functional and non-functional PV systems on government buildings, private institutions, businesses and households; also government buildings without PV",Yes; includes explicit no-PV building map,Subregional mapped systems and institutions; multiple points where institutions have systems on multiple buildings,"PDF maps only, verified 2026-09-19: no GeoJSON, CSV, shapefile or API is exposed on the site. No licence stated.",Highest-value African PARTNERSHIP lead: the explicit no-PV building map is the denominator every other African source lacks. Unusable until the underlying data is requested.,B (ask first),https://solarpvdata.acsetuganda.org/,Not stated; project map checked 2026-09-13,"Rare source that includes both PV-positive buildings and mapped government buildings without PV, reducing negative-label ambiguity."
Africa,Zambia,Rooftop PV Potential in Low-Electrified Rural Zambia,Research study authors,Rural Zambia,Research / building-roof context dataset,Dwelling/building-footprint-derived usable rooftop area and PV potential,No; potential only,"Study analyzes 1,521,948 valid rural dwellings and ~26.93 km² usable roof area",Open-access study; machine-readable derived dataset release not verified,Rural roof-universe and stratified sampling layer; target annotation in low-electrification domains without treating potential as presence,B-,https://www.sciencedirect.com/science/article/pii/S0973082626001055,2026 (publication year; exact date not verified),Useful for locating rural roofs and defining negatives only after direct image inspection; not installed-PV labels.
Asia,Bangladesh,Bangladesh C&I Rooftop Solar Mapping Labels,TransitionZero,National sample with broad geographic coverage,Research training dataset / model-derived map,Manually identified and labelled rooftop solar in sampled high-resolution imagery,Yes,Exact label count not disclosed in public article,Public methodology/results; downloadable raw labelled set not verified; imagery credited to Airbus DS,Excellent partnership target; direct Bangladesh localization labels,A,https://www.transitionzero.org/insights/bangladesh-rooftop-solar-humble-beginnings,2026-02-19,2026 project explicitly built a labelled dataset for extrapolation.
Asia,Bangladesh,Statistics of Installed Net Metering System,SREDA,"Bangladesh, by utility",Official registry statistics,"Utility-level counts and installed MWp, time series",Aggregate only,"1,941 systems / 84.592 MWp shown on current page snapshot; time series by utility",Public government statistics page; reuse terms not clearly shown,"Calibration, completeness checks, regional priors; not direct training labels",B,https://nsrra.sreda.gov.bd/solar/nem/nemstatistics.php,2023-07-01 (latest dated progress record shown),Useful to constrain EarthPV totals by utility territory.
Asia,Bangladesh,Dhaka Rooftop Solar Potential Mapping,NEO / World Bank energydata.info,Dhaka sample area,Building/roof context dataset,Building footprint polygons + suitable rooftop area/capacity/building type,No,Individual-building structure level; CSV ~134 MB,CC0 1.0,"Roof universe, candidate matching, hard-negative annotation",A-,https://energydata.info/dataset/dhaka-rooftop-solar-potential-mapping,2022-04-15,Can be paired with SREDA registry statistics and TransitionZero labels.
Asia,China,Multi-resolution PV Panel Segmentation Dataset,Chinese Academy of Sciences / Jiangsu Provincial Geomatics Center,Jiangsu Province; UAV rooftop subset includes Hai’an County,Direct training dataset,"PV segmentation masks / polygons at 0.8 m, 0.3 m and 0.1 m; rooftop classes by roof material",Yes,"3,716 PV samples; rooftop and ground-mounted PV; rooftop classes include flat concrete, steel tile and brick",Open Zenodo dataset; associated ESSD article is CC BY 4.0; verify dataset-record license metadata before redistribution,Gold segmentation labels; China domain adaptation; roof-material stratification; hard-negative generation around exhaustively annotated chips,A+,https://zenodo.org/records/5171712,2021-08-26,Especially valuable because the published experiments demonstrate that direct cross-resolution transfer is weak and target-domain fine-tuning is needed.
Asia,China,ChinaPV-10m-2024,Research dataset / Zenodo,National China,Model-derived PV inventory,Vector polygons for rooftop and utility-scale PV derived from Sentinel-1 and Sentinel-2,Model-derived (not human-confirmed),Nationwide 2024 10 m PV inventory; per-polygon attributes include estimated capacity and generation,Open Zenodo record; license field should be checked before redistribution,Bronze pseudo-labels directly aligned with EarthPV sensor scale; active-learning candidate pool and regional completeness comparisons,A,https://zenodo.org/records/20179001,2026-05-21,Do not mix model-derived polygons with gold labels; use agreement/disagreement sampling and human verification.
Asia,China,GaoFen-7 Industrial & Commercial Rooftop PV Labels,Remote Sensing study authors,Jiangsu Province,Research training dataset / author-access target,Manually delineated industrial and commercial rooftop PV from GaoFen-7 imagery,Yes,"4,109 I&C rooftop PV objects; 6,263 256x256 sample-label pairs from 14 GaoFen-7 images",Paper is public; standalone training-data download not verified—contact authors and confirm imagery/license terms,Industrial/commercial rooftop specialization for eastern China; transfer labels to Sentinel-2 footprints after temporal alignment,B+,https://www.mdpi.com/2072-4292/15/24/5744,2023-12-15,Useful if the annotation files can be obtained; keep GaoFen imagery rights separate from label rights.
Asia,Hong Kong,Rooftop Solar PV Development Potential empirical data,Hong Kong Chief Executive’s Policy Unit / PolyU,Hong Kong,Research / potential dataset,CSV empirical data from rooftop PV potential and policy study,Not necessarily installation presence,Project-level empirical release; details depend on downloadable files,Hong Kong open-data portal; check dataset-specific terms,Urban high-rise rooftop context; potential validation / ancillary features,C+,https://data.gov.hk/en-data/dataset/hk-cepu-prfs-funding-scheme-project-no-2013-a6-010-13a,"Not stated; update frequency is ""as and when necessary"" (checked 2026-09-13)",Ancillary rather than primary PV labels.
Asia,India,PM Surya Ghar rooftop solar installation statistics / National Portal,MNRE / Government of India,"India, state/UT and DISCOM reporting",Official registry statistics,"Counts, added/cumulative capacity and subsidy/installation statistics",Aggregate; underlying beneficiary applications are installation-level but not openly exposed,26+ lakh systems reported by March 2026; state/UT tables published,Government data / OGD; open tables under GODL-India where published,"Calibration, localization priorities, DISCOM partnership pathway",B+,https://solarrooftop.pmsuryaghar.gov.in/Report/Incentive/releasedList,Not stated; live portal checked 2026-09-13,Best path to granular labels may be through DISCOM/MNRE partnership rather than public portal scraping.
Asia,India,AI Dataset for Solar Energy Locations in India,Microsoft/academic collaborators,"Madhya Pradesh, Maharashtra, Kerala, Telangana, Karnataka, Andhra Pradesh",Direct training dataset (primarily solar farms),"Point labels, weak segmentation masks, pristine polygons, negatives","Yes, but mainly ground-mounted",117 initial georeferenced points; 191 noisy points; 234 positive Sentinel-2 patches + 50 negatives; 72 pristine Maharashtra polygons,Open scientific dataset; verify repository license at download,"Useful Sentinel-2 PV spectral pretraining and hard negatives, less direct for rooftop domain",B,https://www.nature.com/articles/s41597-022-01499-9,2022-08-16,"Especially relevant because EarthPV uses Sentinel-2, but rooftop transfer must be validated."
Asia,India,Karnataka District Rooftop Solar Beneficiaries under PM Surya Ghar,Government of India Open Government Data / MNRE,Karnataka; district level,Official aggregate statistics,District-wise count of households benefited through rooftop solar installation,Aggregate,District-level snapshot as of 27 Jan 2025,Government Open Data License - India,District calibration and active-learning allocation; compare predicted residential rooftop counts with program uptake,B-,https://karnataka.data.gov.in/resource/district-wise-number-households-benefitted-through-installation-rooftop-solar-plants-under,2025-05-30 (data as of 2025-01-27),Not building-level labels; program participation is also not a complete census of all rooftop PV.
Asia,India,Maharashtra District Beneficiaries under PM Surya Ghar,Government of India Open Government Data / MNRE,Maharashtra; district level,Official aggregate statistics,District-wise beneficiary counts,Aggregate,District-level snapshot as of 11 Dec 2024,Government Open Data License - India,District-level calibration and training-site prioritization,B-,https://www.data.gov.in/resource/district-wise-number-beneficiaries-under-pm-surya-ghar-muft-bijli-yojana-state-maharashtra,2025-02-28 (data as of 2024-12-11),"Use as a deployment prior, not as direct image labels."
Asia,India,Odisha District Rooftop Solar Beneficiaries under PM Surya Ghar,Government of India Open Government Data / MNRE,Odisha; district level,Official aggregate statistics,District-wise count of households benefited through rooftop solar plants,Aggregate,District-level snapshot as of 24 Jan 2025,Government Open Data License - India,District calibration and annotation-budget allocation across urban/rural roof domains,B-,https://odisha.data.gov.in/resource/district-wise-number-households-benefitted-through-installation-rooftop-solar-plants-0,2025-05-30 (data as of 2025-01-24),Not building-level and not necessarily complete of non-program rooftop systems.
Asia,India,West Bengal District PM Surya Ghar Applications and Installations,Government of India Open Government Data / MNRE,West Bengal; district level,Official aggregate statistics,District-wise applications received and installations completed,Aggregate,District-level snapshot as of 10 Dec 2024,Government Open Data License - India,Useful both as uptake denominator and completed-installation calibration layer by district,B-,https://ap.data.gov.in/resource/district-wise-number-applications-received-and-installations-completed-under-pm-surya-ghar,2024-12-31 (data as of 2024-12-10),The source portal alias may redirect across India OGD state domains; completed installations are the relevant field.
Asia,Indonesia,ESDM Rooftop Solar PV Statistics,Ministry of Energy and Mineral Resources (ESDM) / EBTKE,Indonesia,Official national rooftop-PV statistics,Aggregate national rooftop-PV deployment/capacity statistics,No direct installation geometry; aggregate confirmed deployment,National rooftop-PV capacity statistics; 916.99 MW cited for April 2026 in initial scan,Public government statistics/portal; installation-level registry not identified as open,National calibration and deployment-prior checks; target provinces/cities for manual localization campaigns,B,https://ebtke.esdm.go.id/,2026-04 statistics cited in initial scan,Complements the subnational Indonesian rows already in the registry; not suitable as direct training labels without microdata.
Asia,Indonesia,Rooftop PV–EV Pathways Across 38 Indonesian Provinces,Research dataset / Mendeley Data,All 38 provinces; Jawa Timur sensitivity analysis,Research / rooftop-potential dataset,"Processed inputs, SAM outputs and scenario workbooks for provincial rooftop-PV potential and PV-EV pathways",No; potential/scenario data,Nationwide province-level modelling dataset published Sep 2026,CC BY 4.0,Provincial sampling/context layer; prioritize representative climate/load regions and compare predicted roof opportunity with observed deployments,B,https://data.mendeley.com/datasets/v77grtmhtj/1,2026-09-09,Not installation-presence supervision; keep out of positive-label tables.
Asia,Indonesia,West Java Solar Power Plants by Regency/City,West Java Energy and Mineral Resources Agency / Open Data Jabar,West Java Province; kabupaten/kota,Official aggregate statistics,Number of solar power plants by regency/city and year,Aggregate; not rooftop-specific,Annual 2018-2025 subprovincial series,West Java Open Data portal; verify dataset-specific open-data terms,Subprovincial calibration and sampling prior; identify regencies/cities where OSM/EarthPV appear incomplete,B,https://opendata.jabarprov.go.id/en/dataset/jumlah-pembangkit-listrik-tenaga-surya-berdasarkan-kabupatenkota-di-jawa-barat,2026-09-01,May mix rooftop and other PV installations; not suitable as direct positive/negative labels.
Asia,Indonesia,Southeast Sulawesi Rooftop PV Data 2023,Southeast Sulawesi Provincial Government / SIMDATA,Southeast Sulawesi Province; named locations in Kolaka Utara and Kendari,Official rooftop-PV registry/list,"Named rooftop PV plant, location, number of units, capacity, COD, funding source and owner/operator",Yes,4 explicitly rooftop PV records in 2023 API table,Public web table and API; explicit reuse license not displayed—verify before redistribution,High-confidence Silver positives; geocode named public buildings and verify roof polygons against imagery,A-,https://simdata.sultraprov.go.id/detail-api/tabel_74_671/2023,2025-07-23,Small but unusually clean rooftop-specific administrative list; records include Kendari and Kolaka Utara facilities.
Asia,Japan,FIT/FIP Prefecture and Municipality Deployment Statistics,"Agency for Natural Resources and Energy, METI",All prefectures and municipalities,Official registry/statistics,"Counts and installed/certified capacity by prefecture and municipality, including residential solar <10 kW",Aggregate,"Current publication includes 2,610,053 introduced residential <10 kW systems under the newer scheme as of 31 Mar 2026, plus transferred systems",Public downloadable official tables; check Japanese government site terms for redistribution,High-quality municipal calibration target; rank under-mapped municipalities; estimate recall and drive stratified annotation campaigns,A,https://www.fit-portal.go.jp/publicinfosummary,2026-08-18 (data through 2026-03-31),Updated 18 Aug 2026 for data through 31 Mar 2026; downloadable A/B tables are available at prefecture and municipality level.
Asia,Japan,Photovoltaic Inventory Dataset in Japan Detected in Sentinel-2 Imagery,Research dataset / Zenodo,National Japan,Model-derived PV inventory,High-confidence estimated PV polygons from Sentinel-2,Model-derived (not human-confirmed),National polygon inventory derived from Sentinel-2; downloadable vector data,Open Zenodo record; verify dataset license metadata before redistribution,Sensor-aligned Bronze labels; geographic sampling; disagreement analysis against EarthPV and FIT/FIP statistics,A,https://zenodo.org/records/13344047,2024-08-20,"Best used as pseudo-labels, not as independent gold ground truth because detections are model-generated."
Asia,Japan,FIT/FIP Public Project-Level Accredited Renewable Energy Information,"Agency for Natural Resources and Energy, METI",All prefectures; separate downloadable file per prefecture,Official project registry,Project records with facility/site land-parcel information; representative and all-parcel sheets,Yes for accredited projects; operational status must be checked,Monthly national publication split by prefecture; solar installations below 20 kW are excluded,Public download; Japanese government terms apply,Silver labels for larger commercial/industrial rooftops after parcel geocoding/building matching; validation of larger rooftop systems,A-,https://www.fit-portal.go.jp/publicinfo,2026-08-14 (data as of 2026-07-31),"As of 31 Jul 2026. Excludes solar <20 kW, so it is not suitable as a complete residential rooftop registry."
Asia,Jordan,Rural Electrification Fund Solar-PV Beneficiary Lists,Jordan Ministry of Energy and Mineral Resources,National; rural communities and beneficiary homes/sites,Official administrative beneficiary data,Monthly approved beneficiary/project lists covering conventional grid connections and solar-PV systems,Partial; solar beneficiaries must be separated from conventional-grid projects,Monthly lists; e.g. 293 homes/sites approved in Jun 2026 through grid and PV systems combined,Public government project/news listings; detailed machine-readable beneficiary export not verified,Partnership/administrative positive source for rural household PV; geocode beneficiary locations if detailed lists can be obtained,B,https://www.memr.gov.jo/En/NewsDetails/2026070201,2026-07-02,Use only records explicitly marked solar PV; public announcements mix grid-extension and PV beneficiaries.
Asia,Kazakhstan,Almaty Rooftop Solar Potential Mapping,NEO / World Bank energydata.info,Almaty sample area,Building/roof context dataset,Building footprint polygons + rooftop attributes,No,Individual-building structure level,CC0 1.0,Central Asian roof-domain training context and negative sampling,B+,https://energydata.info/dataset/almaty-rooftop-solar-potential-mapping,2022-04-15,Useful geographical diversification.
Asia,Lebanon,Beirut Rooftop Solar Potential Mapping,NEO / World Bank EnergyData.info,Beirut sample area,Building/roof context dataset,"Individual building footprints with total/suitable roof area, installable capacity, annual generation and building type",No; roof potential only,Building-level vector and attribute datasets derived from 0.5 m stereo imagery,CC0 1.0,"Roof universe, sampling frame and hard-negative/context generation; useful for dense Middle Eastern urban morphology",A-,https://energydata.info/dataset/beirut-rooftop-solar-potential-mapping,2022-04-15,"Do not label buildings as PV-positive; dataset indicates potential, not installed systems."
Asia,Malaysia,SEDA NEM 3.0 / Solar ATAP Application Registry,Sustainable Energy Development Authority Malaysia / TNB,Peninsular Malaysia,Administrative registry / partnership target,"Customer/application-linked rooftop PV installation records held in eNEM/eATAP workflows; capacity, approval and commissioning information",Registry exists; project-level bulk export not public,NEM 3.0 approved quotas include hundreds of MW; Solar ATAP applications accepted from 1 Jan 2026 after installation/commissioning,Administrative systems; no public installation-level bulk export located—requires SEDA/TNB data partnership and privacy-safe extract,Potentially excellent Silver rooftop labels if anonymized/geocoded addresses or building IDs can be obtained,B+,https://www.seda.gov.my/reportal/atap/,2026 (current Solar ATAP portal; exact page update date not stated),Solar ATAP explicitly targets rooftop space and applications are submitted after installation work is completed and commissioned.
Asia,Nepal,Nepal Multi-Tier Framework – Household Solar Based Device Microdata,World Bank ESMAP / Nepal Multi-Tier Framework survey,"National Nepal; household IDs encode eco-region, province, district and enumeration area",Household survey / contextual prevalence dataset,Household-level solar-device ownership/use attributes; no public rooftop geometry,Survey response; device type must be filtered to relevant PV systems,"6,001 household cases in the solar-based-device module",World Bank/IHSN microdata access; follow survey terms and disclosure controls,Administrative-domain prevalence prior and survey validation; not suitable as direct roof labels without geocoded household access,C+,https://datacatalog.ihsn.org/catalog/8412/data-dictionary/F19?file_name=C_SolarBasedDevice,2021-10-22,Useful mainly to identify regions with off-grid household solar; location precision is intentionally limited for confidentiality.
Asia,Pakistan,Karachi Rooftop Solar Potential Mapping,NEO / World Bank energydata.info,Karachi sample area,Building/roof context dataset,Building footprint polygons + suitable area/capacity/building type,No,Individual-building structure level,CC0 1.0,"Roof masks, sampling, potential-to-detection comparison",A-,https://energydata.info/dataset/karachi-rooftop-solar-potential-mapping,2022-04-15,Strong urban South Asian roof-domain data.
Asia,Philippines,TM Open Buildings,Thinking Machines / Lacuna Fund,Selected 250m tiles in 12 Philippine cities,Building/roof context training dataset,"Manually drawn buildings with roof material, roof layout, settlement attributes",No,Manual building polygons across 12 cities,ODbL 1.0 / Database Contents License,Excellent roof-material/domain labels and negative sampling for roofclf,A,https://github.com/thinkingmachines/ph-open-buildings,2024-03 (upload revisions),Particularly valuable for metal-sheet vs concrete/tile roof domain shift.
Asia,Philippines,ERC Net-Metering / DER Statistics,Philippines Energy Regulatory Commission,National / regional,Official registry statistics,Counts and MWp of net-metering prosumers and DER,Aggregate; underlying records may exist at utilities/ERC,"23,684 net-metering prosumers and 232 MWp as of 30 Jun 2026",Public official statistics; granular records may require FOI/request,Calibration and partnership lead for installation-level silver labels,B+,https://www.erc.gov.ph/Press-Singular/85121,2026-03-31 (latest net-metering dataset identified),FOI portal also contains approved requests for net-metering/own-use data.
Asia,Philippines,Manila Rooftop Solar Potential Mapping,NEO / World Bank energydata.info,Manila sample area,Building/roof context dataset,Building footprint polygons + suitable area/capacity/building type,No,Individual-building structure level,CC0 1.0,Roof masks and candidate frame for Manila localization,A-,https://energydata.info/dataset/manila-rooftop-solar-potential-mapping,2022-04-15,0.5 m stereo-imagery-derived roof data.
Asia,Singapore,Solar PV Installations by URA Planning Region,Energy Market Authority / data.gov.sg,"Singapore, URA planning regions",Official registry statistics,Counts and installed capacity split residential/non-residential,Aggregate,"140-row CSV, 2008–Q1 2021 series",Singapore Open Data Licence,Fine-grained regional calibration and urban-domain validation,B,https://data.gov.sg/datasets/d_cd4f91f7a1ebb2b7ceb1a70c0dbb706d/view,2024-06-06,More recent statistics may be available from EMA; dataset is not building-level.
Asia,South Korea,Nationwide Solar Power Generation Electrical Business Permit Standard Data,Korean local governments / Public Data Portal,National South Korea,Official installation/permit registry,"Facility name, road/parcel address, latitude, longitude, detailed installation-location classification, operating status, capacity and installation area","Yes, administrative; filter operating status and rooftop/building placement",Nationwide standard dataset compiled from local-government permits; annual update,Korean Public Data Portal; attribution license (저작자표시),"Excellent Silver labels: filter operational systems and building/roof installation classes, then spatially join to building footprints",A+,https://www.data.go.kr/data/15107742/openapi.do,2024-09-25,One of the strongest administrative sources because it contains coordinates plus detailed installation-location and operating-status fields.
Asia,South Korea,Dongducheon Solar Power Facility Status,Dongducheon City / Korean Public Data Portal,"Dongducheon, Gyeonggi-do",Municipal installation/permit registry,"Plant name, road/parcel addresses, latitude/longitude, installation location, capacity and permit date","Yes, administrative; use installation-location field to select buildings/roofs",Municipal file; current registration dated Dec 2025,Public Data Portal open file; check dataset-specific use terms,High-quality city-level Silver labels and a benchmark for validating the nationwide standard-data ingestion,A,https://www.data.go.kr/data/15095630/fileData.do?recommendDataYn=Y,2025-12-24,Installation-location values such as building/land/mountain are especially useful for separating rooftop from ground-mounted PV.
Asia,South Korea,Changnyeong-gun Solar Power Plant Status,Changnyeong-gun / Korean Public Data Portal,"Changnyeong-gun, Gyeongsangnam-do",County installation/permit registry,"Plant name, address, capacity, installation location, permit date and business commencement date",Administrative; rooftop not guaranteed,Annual county-level registry; updated 11 May 2026,Public Data Portal open file; check dataset-specific use terms,Subnational Silver candidate pool; combine operational/business-start date and installation location with building matching,B+,https://www.data.go.kr/en/data/15043380/fileData.do,2026-05-11,Some rows may have missing installation-location values; verify against imagery before treating as rooftop labels.
Asia,South Korea,Gyeongsangbuk-do Solar Power Project Administrative Data,Gyeongsangbuk-do / Korean Public Data Portal,Gyeongsangbuk-do Province,Provincial installation/permit registry,"Project location, permit date, facility capacity and installation area",Administrative; rooftop not guaranteed,272 rows in the 2026 portal release,Public Data Portal open file; check dataset-specific use terms,Provincial Silver candidates; useful for testing address geocoding and roof-vs-ground filtering,B+,https://www.data.go.kr/en/data/15138623/fileData.do,2026-02-03,The portal describes the file as administrative processing data for solar projects in Gyeongsangbuk-do.
Asia,South Korea,Sinan-gun Solar Power Installation Status,Sinan-gun / Korean Public Data Portal,"Sinan-gun, South Jeolla Province",County installation/permit registry,"Plant name, permitted capacity, permit date, commercial-operation date and installation location",Administrative; rooftop not guaranteed,"2,082 CSV rows reported in portal metadata",Public Data Portal open file; check dataset-specific use terms,Silver positive candidates after building/address matching and rooftop/ground verification; rural/coastal domain adaptation,B+,https://www.data.go.kr/en/data/15033936/fileData.do,2026-02-26,Do not treat all records as rooftop PV; use installation location and imagery verification.
Asia,Sri Lanka,Colombo Rooftop Solar Potential Mapping,NEO / World Bank energydata.info,Colombo city center,Building/roof context dataset,"Building polygons; area, suitable area, capacity, height, roof angle/type",No,Individual-building structure level,CC0 1.0,"Roof masks, negative sampling, candidate prioritization",B+,https://energydata.info/dataset/colombo-rooftop-solar-potential-mapping,2022-04-15,Good South Asian roof morphology coverage.
Asia,Taiwan,Approved Records of Solar PV Equipment by Year and County/City,"Ministry of Economic Affairs, Taiwan",Taiwan counties/cities,Official registry statistics,Annual county/city counts and approved PV installation filings,Aggregate,County/city time series; updated annually,Open Government Data License v1.0,"Regional calibration, adoption priors, target-area selection",B+,https://data.gov.tw/en/datasets/16423,2026-06-23,"Not building-level, but open CSV and regularly updated."
Asia,Thailand,Thailand PV Status - Grid-Connected Solar,DEDE / OERC / PEA / MEA,Thailand,Official registry/statistics,Project counts and installed capacity by rooftop/ground/floating and PPA status,Aggregate,"2023: 6,753 rooftop systems without PPA totaling 1,581.19 MW; other categories also reported",Public government statistics page,Calibration; rooftop/ground ratio priors; discrepancy checks,B+,https://pvstatus.dede.go.th/en/section_1-3.php,2023 (latest statistics shown),Not building-level but unusually useful categorical rooftop statistics.
Asia,Thailand,PEA Renewable Generator / Solar Rooftop Management Portal (PPIM),Provincial Electricity Authority,PEA service territory,Administrative application/registry portal,Project/application records for rooftop solar programs,Potentially installation-level,Portal supports rooftop projects and generator interconnection workflows,Public-facing portal; bulk-download/open license not established,High-value data partnership target for silver installation labels,A (partnership),https://ppim.pea.co.th/app/v1,2026 (live PPIM portal; 2026 rooftop project notices),Investigate API/export and commissioning-status fields with PEA.
Asia,Thailand,Village Rooftop Solar Panel Dataset,Academic dataset described in IEEE Access 2025,Thai village locations,Direct training dataset described in paper,Solar-array shapefiles converted to raster masks,Yes,"30 one-km² tiles; 1,653 labelled solar panel arrays; 10 cm imagery",Paper is CC BY-NC-ND 4.0; public dataset download not verified; imagery from Google satellite via QGIS,Potentially excellent Thailand-specific segmentation labels if authors can share usable labels,A (access dependent),https://www.researchgate.net/publication/388470132_Automatic_Estimation_of_Solar_Rooftops_and_Power_Generation_from_Publicly_Available_Satellite_Imagery_through_Georeferencing_and_Large-scale_Support,2025-01 (publication),Audit imagery and derivative-label rights before ingestion.
Asia,United Arab Emirates,DEWA Shams Dubai / D33 Distributed Solar Connection Records,Dubai Electricity and Water Authority,Dubai Emirate,Administrative registry / partnership target,"Grid-connection, design approval, inspection and monitoring records for building/onsite PV",Registry exists; public bulk installation export not located,Program has connected rooftop/building PV since 2015; DEWA also operates GIS/real-time monitoring systems,Administrative records; public program documentation only—requires DEWA partnership for installation-level extract,High-value city-scale Silver labels for arid/high-reflectance urban roofs if privacy-safe coordinates/building IDs can be accessed,B+,https://dewa.gov.ae/en/consumer/solar-community/shams-dubai,2023-12-30,Shams Dubai explicitly connects PV on household/building roofs; D33 extends onsite solar to eligible industrial sites.
Asia,Uzbekistan,Samarkand Rooftop Solar Potential Mapping,NEO / World Bank energydata.info,Samarkand sample area,Building/roof context dataset,Building footprint polygons + rooftop attributes,No,Individual-building structure level,CC0 1.0,Central Asian roof-domain training context and sampling,B+,https://energydata.info/dataset/samarkand-rooftop-solar-potential-mapping,2022-04-15,Useful for arid continental roof materials and urban form.
Asia,Vietnam,Vietnam Municipal Rooftop Solar Mapping Potential,World Bank Group / energydata.info,Ho Chi Minh City and Da Nang,Building/roof context dataset,Building rooftop footprint polygons + installable capacity / generation,No,Municipal building level,CC BY 4.0,"Roof masks, sampling frame, local roof morphology adaptation",A-,https://energydata.info/dataset/dashboard/vietnam-municipal-rooftop-solar-mapping-potential,2025-11-24,Useful but does not indicate actual PV presence.
Europe,Denmark,SolarDK,Technical University of Denmark / SolarDK authors,Denmark,Direct training dataset + registry-derived weak labels,"Hand-labeled PV classification images, segmentation masks and BBR-derived candidate positives",Yes for hand labels; registry-derived set is weak/silver supervision,"23,417 hand-labeled classification images; 880 segmentation masks; 100,000+ registry-derived images",Research dataset; verify dataset and GeoDanmark imagery terms before redistribution,Gold Danish roof-PV labels plus silver registry-derived scaling; strong template for EarthPV country localization,A+,https://backend.orbit.dtu.dk/ws/portalfiles/portal/338834163/solardk_paper.pdf,2022 (paper/preprint release; source imagery acquired 2021),Demonstrates the same pattern proposed for EarthPV: a clean human-labeled seed set plus a much larger registry-derived weak-label pool.
Europe,Denmark,BBR Building and Dwelling Register - PV Technical Installations,Danish Building and Dwelling Register (BBR),Denmark,Official building registry / administrative weak-label source,Building/property records with technical-installation information that can identify solar/PV candidates,Administrative presence indicator; verify against imagery for gold use,"National building register; SolarDK derived 100,000+ candidate images from registry information",Registry/open-data access subject to Danish BBR/Datafordeler terms,Large Silver/weak-label candidate pool linked directly to buildings; proven by SolarDK workflow,A,https://bbr.dk/,Live national registry; checked 2026-09-13,Use in combination with exhaustive manual subsets because administrative records can lag or encode system type imperfectly.
Europe,France,Rooftop PV Detections from Aerial Imagery over France,Gabriel Kasmi,Continental France; regional files also provided,Model-derived rooftop-PV inventory / pseudo-label dataset,"Detected rooftop-PV polygons with area, estimated kWp, annual yield and imagery year",No; model detections should be treated as Bronze/pseudo-labels until verified,"460,755 detections; ~2.319 GWp aggregate estimated capacity",Public Zenodo dataset; verify exact license before redistribution,Large Bronze pseudo-label pool for active learning and sampling; verify subsets before retraining,A,https://zenodo.org/records/19188878,2026-06-15 (Zenodo modified),"Strong candidate generator for French localization, but do not promote all detections to gold labels automatically."
Europe,France & Belgium,BDAPPV,Kasmi et al.,France and Belgium,Direct training dataset,Rooftop-PV segmentation masks plus installation metadata; Google and IGN aerial-image variants,Yes,"45,733 image rows; Google: 28,408 images / 13,303 positive masks; IGN: 17,325 images / 7,685 masks",Masks/annotations/metadata CC BY 4.0; IGN imagery Etalab Open Licence 2.0; Google imagery subject to Google/third-party terms,Gold segmentation training; installation metadata supervision; imagery-domain-shift experiments,A+,https://huggingface.co/datasets/gabrielkasmi/bdappv,2023 (paper); repository checked 2026-09-13,"For redistribution/commercial workflows, prefer the IGN configuration because Google imagery has additional restrictions."
Europe,Germany,Marktstammdatenregister (MaStR),Bundesnetzagentur,Germany,Official national installation registry,Registered energy units with technical and location attributes; public XML export,Yes for registered installations,National comprehensive registry; daily public full export,Datenlizenz Deutschland - Namensnennung - Version 2.0,National validation/completeness benchmark; silver positives where location can be resolved to buildings; capacity/date calibration,A+,https://www.marktstammdatenregister.de/MaStR/Datendownload,Daily; page showed 2026-09-10 public export when checked 2026-09-13,EarthPV already used MaStR to quantify OSM completeness in Germany. Registration coverage is far stronger than OSM.
Europe,Germany,RID - Roof Information Dataset,Technical University of Munich / open.bydata,Southern Germany,Direct roof-context training dataset,"Semantic labels for roof segments and roof superstructures including pvmodule, dormer, window, chimney, shadow and tree",Yes for pvmodule class,"1,880 annotated buildings / roof-centered images",Public German open-data catalog; verify resource-specific terms,Hard negatives and roof-context supervision for roofclf; auxiliary roof segmentation; PV-module positives,A,https://data.gov.de/suche/daten/rid-roof-information-dataset-for-computer-vision-based-photovoltaic-potential-assessment,2026-09-01 (dataset metadata),Particularly valuable for modeling rooftop confusers rather than only positive PV objects.
Europe,Germany,Solar Panels in Very High Resolution Satellite Imagery,Research dataset / Southern Germany study authors,Southern Germany,Direct training dataset,Annotated PV panels in 31-cm and 15.5-cm Maxar satellite imagery,Yes,"2,542 annotated solar panels",Labels described in publication; Maxar imagery rights/reuse must be handled separately,Satellite-domain rooftop-PV benchmark; high-resolution cross-sensor domain adaptation,B+,https://pmc.ncbi.nlm.nih.gov/articles/PMC10509230/,2023 (publication),Useful because the source imagery is satellite rather than aerial; check label availability and Maxar terms independently.
Europe,Netherlands,Annotated High-Resolution Aerial Imagery of the Dutch Landscape for Solar Panel Detection and Segmentation,Municipality of Emmen / University of Groningen / Gerrit Luimstra,"Emmen, Netherlands",Direct training dataset,7.5-cm true-ortho imagery with solar-panel masks/polygons over exhaustively annotated grid cells,Yes; explicit annotated coverage also supports reliable negatives,"20,618 annotated 30x30 m grid cells over 18.55 km² selected area",Public Zenodo dataset; rights field should be checked before redistribution,Gold rooftop segmentation plus trustworthy negatives; northern-European domain adaptation,A+,https://zenodo.org/records/14860030,2025-05-21 (Zenodo modified),Source orthophotos were captured in 2023; exhaustive grid coverage is unusually valuable for roofclf negative construction.
Europe,Netherlands,PIR/CERES and VertiCer Solar Installation Registers linked to BAG,Statistics Netherlands (CBS) and Dutch energy/guarantee-of-origin registries,Netherlands,Official/restricted installation registries and statistical linkage,Installation records linked by CBS to BAG addresses/buildings for regional PV statistics,Yes at registry level,National; microdata access restricted,Underlying installation microdata are not fully open; CBS access/partnership may be required,High-value partnership source for building-level Silver labels; national calibration and completeness assessment,A,https://www.cbs.nl/nl-nl/onze-diensten/methoden/onderzoeksomschrijvingen/korte-onderzoeksomschrijvingen/productie-van-zonnestroom-op-regionaal-niveau-2018,Methodology page for 2018 statistics; underlying registers are maintained operationally,Worth pursuing as a data partnership because CBS explicitly links solar-installation registers with BAG building/address data.
Europe,Switzerland,Electricity Production Plants,Swiss Federal Office of Energy (SFOE),Switzerland,Official national geospatial plant registry,Geospatial electricity-production plant records including photovoltaic installations; downloadable CSV/GPKG resources,Yes for registered plants,National spatial database; dynamic,Open Swiss government dataset; terms listed on opendata.swiss,"Silver site-level PV positives, national calibration and clean benchmark for registry-to-building matching",A,https://opendata.swiss/en/dataset/elektrizitatsproduktionsanlagen,2026-01-01 (CSV resource modified date),Good benchmark jurisdiction because the registry is spatially explicit and nationally maintained.
Europe,United Kingdom,Harmonised High-Coverage Open Dataset of Solar PV Installations in the UK,Stowell et al. / Scientific Data authors,United Kingdom,Harmonized installation registry / geospatial dataset,"Installation-level CSV points and GeoJSON; OSM geometry where available, address-derived points otherwise",Yes at installation-record level; geometry precision varies by source,"265,417 CSV rows; 265,406 GeoJSON installations",Open research dataset; consult repository/article for component licenses and attribution,"Silver positives, historic validation, address/building matching and registry-vs-OSM completeness analysis",B+,https://www.nature.com/articles/s41597-020-00739-0,2020 (publication),Good example of harmonizing government/industry records with OSM geometry.
North America,Mexico,Distributed Generation Interconnection Statistics / CNE-SENER Records,Mexican energy authorities / CNE-SENER,Mexico,Official permit/interconnection statistics,Municipality/address information for some permitted generators; ordinary distributed-generation PV is largely available as aggregate statistics,Mixed: permits/records confirm systems but public small-DG data are often aggregate,"More than 405,000 distributed-generation contracts reported for 2024; >99% PV in cited government material",Government publications/data; detailed microdata availability varies,National/state/municipal calibration and sampling; pursue utility/CNE interconnection microdata for building-level Silver labels,B,https://dof.gob.mx/nota_detalle_popup.php?codigo=5770297,2024 statistics cited in government publication; checked in initial 2026 scan,Potentially valuable if installation-level interconnection records can be obtained; current public material is more useful for aggregate validation.
North America,United States,Queens PV Labels,"Furedi, Kimsal, Cornejo, Liero, Ranalli et al.","Queens, New York City, New York",Direct training dataset,Manual PV polygons for 2018 15-cm RGB/NIR orthophotography,Yes,"~14,000 polygons representing ~5,500 installations",CC BY 4.0 for dataset/article materials unless otherwise credited,Gold urban rooftop segmentation labels; flat-roof domain adaptation; benchmark for dense urban environments,A+,https://www.nature.com/articles/s41597-025-06523-2,2026-01-06 (paper publication; version of record 2026-02-10),Especially useful for dense urban and large flat-roof systems; source imagery includes RGB+NIR.
North America,United States,Distributed Solar Photovoltaic Array Location and Extent Data Set,Duke University / Bradbury et al.,California; multiple cities/areas,Direct training dataset,Manually delineated distributed-PV array polygons paired with high-resolution aerial imagery,Yes,High-resolution labeled PV polygons; widely used rooftop-PV benchmark,Public Figshare dataset; verify component license/imagery reuse terms before redistribution,Gold rooftop-PV polygon labels; transfer labels onto temporally matched Sentinel-2 chips; segmentation benchmark,A,https://figshare.com/articles/dataset/Distributed_Solar_Photovoltaic_Array_Location_and_Extent_Data_Set_for_Remote_Sensing_Object_Identification/3385780,2020-07-30 (Figshare Version 4),One of the canonical manually labeled rooftop-PV datasets for California.
North America,United States,U.S. Distributed Solar and Storage Data / Tracking the Sun,Lawrence Berkeley National Laboratory,United States,National project-level distributed-solar database,"Project-level distributed-solar records compiled from utilities, agencies, permitting and assessor sources; public non-confidential file",Yes for recorded installed systems,~5.3 million individual systems installed through end-2025,Public data file with non-confidential fields; consult user guide for permitted uses and suppressed location fields,Large registry-based validation and Silver-label matching where location granularity permits; adoption/capacity calibration,A,https://emp.lbl.gov/tracking-the-sun,2026-08 (2026 Update; data through end-2025),Check public location granularity before assuming direct building-level matching is possible nationwide.
North America,United States,DeepSolar-3M,Stanford / DeepSolar-3M authors,United States,Model-derived national PV database / aggregate public release,Predicted distributed-PV system inventory; public outputs include aggregate geographies,No for public aggregate outputs; model-derived,~2.95 million inferred systems reported,Public project/repository; public data described as CC BY 4.0; verify exact downloadable artifact,"Adoption priors, geographic validation and sampling; not a building-level gold training source in its public aggregate form",C,https://github.com/rajanieprabha/DeepSolar-3M,2025 (DeepSolar-3M paper/project release; repository checked 2026-09-13),Use primarily for validation/calibration unless a project-level geospatial release with acceptable terms is available.
South America,Brazil,ANEEL Mini and Micro Distributed Generation Registry (MMGD),Agencia Nacional de Energia Eletrica (ANEEL),Brazil,Official national distributed-generation registry,"Installation records with technology, capacity and approximate geographic coordinates; PV-specific technical resources available",Yes for registered distributed-generation installations,National micro/mini DG registry; large and dynamic,Brazilian public open-data portal; consult dataset terms/version metadata,High-value Silver positives; match PV coordinates to building footprints; national calibration and active-learning candidate generation,A+,https://dadosabertos.aneel.gov.br/dataset/relacao-de-empreendimentos-de-geracao-distribuida,2026-09-11; update frequency daily,"One of the strongest administrative label sources for EarthPV because it combines PV type, installed capacity and approximate coordinates."
Oceania,Australia,Small-scale Installation Postcode Data (SRES),Clean Energy Regulator,Australia,Official aggregate installation registry/statistics,Solar PV installation counts and capacity by postcode and installation year,No direct building label; aggregate confirmed installations,National monthly postcode-level files; millions of small-scale systems,Public downloadable CSV/XLSX files from Australian Clean Energy Regulator,"Postcode-level calibration, completeness checks, stratified sampling and detection of under-mapped OSM regions",B+,https://cer.gov.au/markets/reports-and-data/small-scale-installation-postcode-data,2026-07-31 data; page checked 2026-09-13,Do not convert aggregate postcode counts directly into positive labels; use them to assess predicted counts and target manual mapping.
North America,United States,GMSEUS (Ground-Mounted Solar Energy in the United States),Michigan State University / Stid et al.,Continental United States,Direct training/validation dataset,"Array polygons plus 3.43M panel-row polygons, with installed capacity (DC and AC), installation year, mount technology, azimuth, tilt, panel dimensions, inter-row spacing and ground cover ratio",Yes,"18,502 commercial- and utility-scale arrays, 228 GW_DC; 12,446 with panel-row geometry (v2.1, 2025)","MIT; data on Zenodo (doi:10.5281/zenodo.14827818), code doi:10.5281/zenodo.14829529","Gold GROUND-MOUNT polygon labels and the ground-mount recall benchmark this project lacks; above all, an independent measurement of DEFAULT_KWP_PER_M2_LAND, which is currently calibrated on two Pakistani plants",A+,https://github.com/stidjaco/GMSEUS,"2025-09-29 (Scientific Data paper; dataset v2.1, 2025)","Ground-mount ONLY -- rooftop arrays were removed by intersection with OpenBuildingMap -- so it complements rather than replaces the rooftop label sources. Paper doi:10.1038/s41597-025-05862-4. Carries capacity AND array polygon area AND an explicit ground cover ratio, which is exactly the quantity behind the 0.05 kWp/m2 land constant. Author Jake Stid is already listed as a TraceTheSun collaborator on the project's Community page."
Europe,United Kingdom,Renewable Energy Planning Database (REPD),Department for Energy Security and Net Zero,United Kingdom; every renewable electricity project above 150 kW,Official planning and development registry,"Project records carrying x/y coordinates (added February 2021), installed capacity, planning and operational status and, since October 2024, SITE AREA for operational solar projects","Yes for projects at operational status; earlier planning stages are applications, not installations, and must be filtered out","Quarterly extract, CSV and XLSX; Q2 2026 published 3 August 2026",Open Government Licence v3.0,"The capacity-plus-site-area pairing is the rare part. DEFAULT_KWP_PER_M2_LAND (0.05 kWp/m2, CI 0.035-0.075) rests on two Pakistani plants; REPD offers hundreds of UK solar farms with both numbers published, so the land constant can be re-derived on a real sample instead of a pair. Points, so Silver for segmentation labels.",A,https://www.gov.uk/government/publications/renewable-energy-planning-database-quarterly-extract,2026-09-20,"Verified 2026-09-20: licence and the February 2021 coordinate addition confirmed on the GOV.UK publication page; the October 2024 note says site area was being rolled out from operational solar to other stages, so coverage of that column is partial."
North America,United States,EIA Form 860 Annual Electric Generator Report,U.S. Energy Information Administration,United States; plants of 1 MW or more combined nameplate capacity,Official generator registry,"Plant latitude and longitude in decimal degrees, plus a solar-specific file (3_3_Solar) giving per-generator tilt angle, azimuth angle, mount technology (fixed, single-axis or dual-axis tracking) and DC/AC capacity",Yes for reported solar generators; the 1 MW reporting floor puts sub-MW rooftop entirely out of scope,"Annual, with monthly updates; operable plus retired and cancelled tabs",US Government public domain data,"The tilt and azimuth columns are the reason to care: glint.py's specular-geometry model needs panel pose, and MaStR was previously the only register here known to publish it. Plant points are Silver for labels; use GMSEUS or USPVDB when array geometry is what is wanted.",A-,https://www.eia.gov/electricity/data/eia860/,2026-09-20,"Verified 2026-09-20: the form instructions confirm decimal lat/lon and the solar file's tilt, azimuth and mount-technology fields."
North America,United States,U.S. Large-Scale Solar Photovoltaic Database (USPVDB),USGS and Lawrence Berkeley National Laboratory,"United States; 6,611 facilities of 1 MW or more across 49 states and DC",Direct training/validation dataset,"Hand-digitised array boundary polygons, visually verified against high-resolution aerial imagery to within 10 m, with facility location, capacity and operational year",Yes,"6,611 facilities; latest release USPVDB_V4_0_20260414","Public domain, no restrictions; USGS and LBNL attribution requested","Ground-mount segmentation labels and a second, independent land-constant sample (polygon area against published capacity). Largely upstream of the GMSEUS row already here, which adds panel-row geometry and pose; prefer GMSEUS unless the clean public-domain licence or the USGS versioning matters.",A-,https://energy.usgs.gov/uspvdb/,2026-09-20,Verified 2026-09-20. Overlaps GMSEUS substantially -- check before treating the two as independent samples of anything.
North America,United States,Solar Electric Programs Reported by NYSERDA (Beginning 2000),"NYSERDA, via Open NY",New York State,State installation/interconnection registry,"Project records with latitude, longitude and a georeference field, capacity, sector, county and programme; large-scale projects above 5 MW AC are included",Yes for reported installed projects,"Interconnection-derived, from 2000 onward; CSV download and Socrata API",Open NY public data portal,A rare US sub-national source with per-project coordinates rather than ZIP aggregation. Silver labels after matching points to building footprints; also a municipality-level completeness reference of the kind validate-mastr uses.,A-,https://data.ny.gov/Energy-Environment/Solar-Electric-Programs-Reported-by-NYSERDA-Beginn/3x8r-34rs,2026-09-20,Verified 2026-09-20 via the Open NY dataset listing and the NYSERDA solar-maps page.
North America,United States,CaliforniaDGStats NEM and Rule 21 Interconnection Data,California Distributed Generation Statistics (CPUC),"California; PG&E, SCE and SDG&E service territories, 1982 to present",State interconnection registry,"Interconnected system records with capacity, technology and programme, published at ZIP-code resolution; aggregate geography only",Aggregate: individual systems are confirmed but spatial resolution is deliberately limited to ZIP-code boundaries to protect customer privacy,All Rule 21 interconnected systems in the three IOU territories,Public download under CPUC D.14-11-001,"Per-ZIP calibration and adoption priors, not labels. Note the same privacy cliff MaStR has below 30 kWp: the systems exist in the file, the coordinates do not.",B+,https://www.californiadgstats.ca.gov/downloads/,2026-09-20,"Verified 2026-09-20 and DOWNGRADED from the source list, which recorded coordinates 'Yes' and priority 'Very high'. The published spatial resolution is ZIP code."
Europe,Italy,GSE Atlaimpianti,Gestore dei Servizi Energetici (GSE),"Italy; about 790,000 georeferenced electricity-production units plus 200,000 thermal",Official geospatial plant registry,"Georeferenced production units with plant location, installed power, source, technology and incentive scheme; filtered download by region, source and technology, Excel among the formats",Yes for incentivised plants,"About 790,000 electrical production units","Terms-of-use document published; no open reuse licence located 2026-09-20, and the portal was in an update phase and unavailable when checked","Italy is absent from this registry and has one of Europe's largest installed bases, so this is the highest-value European gap on the list. Read the TERMINI DI UTILIZZO before any redistribution or derivative packaging.",A (access dependent),https://www.gse.it/dati-e-scenari/atlaimpianti,2026-09-20,"Checked 2026-09-20: the GSE page states the system is temporarily unavailable pending an update, so the download path and the rooftop/ground attribute could not be confirmed first-hand."
South America,Brazil,SIGA - Sistema de Informacoes de Geracao da ANEEL,ANEEL,Brazil; centralised generation enterprises in all authorisation phases,Official generation registry,"Enterprise records with capacity, source, phase and municipality; ANEEL's ArcGIS open-data portal serves geospatial layers as GeoJSON, KML and shapefile","Yes for authorised generation enterprises; utility-scale, and the complement to the MMGD distributed register already listed here","Daily CSV and XML refresh, with a published data dictionary",Open data (ANEEL dados abertos / dados.gov.br),"Utility-scale ground-mount for Brazil, where the registry previously held only the distributed MMGD register. Pair with MMGD rather than replacing it -- the two cover opposite ends of the size distribution.",B+,https://dadosabertos.aneel.gov.br/dataset/siga-sistema-de-informacoes-de-geracao-da-aneel,2026-09-20,"Partially verified 2026-09-20: the dataset, its daily CSV/XML resources and the ArcGIS geospatial portal were confirmed from the ANEEL catalogue, but dadosabertos.aneel.gov.br refused connections from this machine, so the coordinate columns were not read directly."
Europe,"Europe (CZ, DK, FR, DE, PL, SE, CH, UK)",Open Power System Data - Renewable Power Plants,Open Power System Data,"Eight European countries, harmonised into one schema",Harmonised multi-country power-plant registry (frozen),"Plant records with lat/lon, capacity, technology and commissioning date, in CSV, Excel and SQLite",Yes at plant-record level; the package's final release is 2020-08-25 and it is no longer maintained,"Final release 2020-08-25, DOI 10.25832/renewable_power_plants/2020-08-25",Per-country source licences; package scripts MIT,"Its staleness is the point. A frozen 2020 snapshot is a dated reference epoch, which is what growth.py and the epoch-difference work need and what a live register cannot give. For current German or Swiss labels use MaStR and the Swiss plant register already listed here.",B+,https://data.open-power-system-data.org/renewable_power_plants/,2026-09-20,"Verified 2026-09-20: final release date, country list and lat/lon fields confirmed."
Global,Global,PVOutput,PVOutput.org,Global; owner-registered PV systems,Crowdsourced PV system registry,"System records with owner-supplied latitude/longitude, array tilt, azimuth, panel and inverter model, capacity and measured generation time series","Yes for registered systems, but self-reported by owners and not independently verified; siting precision varies from exact to a town centroid","Tens of thousands of registered systems, concentrated in AU, UK, US and DE",API access under site terms; bulk redistribution is not granted by default,"Pose, not position. Tilt and azimuth per system are what glint.py's opportunity model wants, and PVOutput supplies them for small rooftop systems that no register geolocates. Never treat an owner-entered coordinate as a label without checking it against imagery.",B,https://pvoutput.org/help/api_specification.html,2026-09-20,Checked 2026-09-20: tilt/azimuth/coordinate fields confirmed from system pages; the exact reuse terms were not located and must be read before any bulk pull.
Europe,Austria,E-Control Anlagenregister,Energie-Control Austria,Austria; electricity generation plants in the guarantee-of-origin database,Official installation registry,"Plant records with capacity and commissioning, assigned to a locality and postcode; aggregate geography only","Aggregate: PV plants are assigned only to a locality and postcode, with no coordinate field published","National, per EAG section 81",Public register interface,"Municipality-level calibration in the style of validate-mastr, not labels. Lower Austria publishes PV GIS layers in the NOe Atlas separately, which is the route to actual geometry for one state.",B-,https://www.e-control.at/en/anlagenregister,2026-09-20,Verified 2026-09-20 and DOWNGRADED from the source list's 'coordinates Yes/varies': the register is explicit that PV plants carry locality and postcode only.
Europe,Spain,PRETOR - Registro administrativo de instalaciones de produccion de energia electrica,MITECO,Spain; registered electricity production installations,Official installation registry,"Installation records with regime, autonomous community and capacity; record-level geometry not located 2026-09-20",Yes at register level,"National register, queried through a web reporting interface",Consulted through a web interface; open record-level export not located 2026-09-20,"A partnership lead. Spain is a major PV market with no row in this registry; ask for privacy-safe coordinates or a municipality breakdown plus operational status, which is what would turn this into a calibration or label source.",B-,https://energia.serviciosmin.gob.es/pretor/Vista/Informes/InformesInstalaciones.aspx,2026-09-20,"Checked 2026-09-20: the source list recorded 'coordinates Yes'; no public record-level coordinate export was found. datos.gob.es lists a producer register whose published CSV columns are AUTOID, INSTALACIONID, REGIMEN, INSTALACION and AUTONOMIA."
Europe,Portugal,DGEG Estatisticas rapidas das renovaveis,Direcao-Geral de Energia e Geologia,Mainland Portugal plus Azores and Madeira,Official aggregate statistics,Installed capacity and production by source and region; monthly time series,Aggregate,Monthly publication,Public data,"Regional calibration and completeness checks only. No installation-level geometry, so nothing here reaches labels.",C+,https://www.dgeg.gov.pt/pt/estatistica/energia/renovaveis/,2026-09-20,Checked 2026-09-20: the source list recorded 'coordinates Yes/varies'. What DGEG publishes openly is the monthly aggregate series; a UPAC installation-level file was not located.
North America,United States,Massachusetts SMART Program / Production Tracking System,"Massachusetts DOER, MassCEC",Massachusetts,State incentive/installation registry,"Registered system records with installer, cost and town; project-level coordinates not located 2026-09-20",Yes for registered systems,All Massachusetts solar electric systems registered in PTS,"Qualified-unit lists published; bulk project-level export not located 2026-09-20, MassCEC handles public records requests",Town-level calibration as published. Ask MassCEC for a project-level extract with coordinates or parcel identifiers before counting on it for labels.,C+,https://www.mass.gov/solar-massachusetts-renewable-target-smart,2026-09-20,Checked 2026-09-20: the source list recorded 'coordinates Yes'; the openly published granularity found was town.
