quadrat,date,min_misalign_deg,median_misalign_deg,frac_poses_glinting,sun_zen,sun_az,dprime,pv_mean,roof_mean,n_pv_px
faisalabad_calib_1km,2025-11-02,1.1552760014554038,20.986971617135598,0.234375,47.4504868189726,163.854631449699,-0.5746089816093445,2206.646484375,2336.188232421875,743
faisalabad_calib_1km,2025-11-05,1.7787887096478103,21.71921646133937,0.203125,48.3700634301993,164.045815834935,-0.6678810119628906,2123.0185546875,2325.5576171875,743
faisalabad_calib_1km,2025-11-10,1.0047940589927375,22.29308230002823,0.203125,49.7864802635912,164.491875630113,-0.6684682369232178,2222.565673828125,2386.189208984375,743
faisalabad_calib_1km,2025-11-15,1.7851602427545474,23.41530870299288,0.171875,51.1339115481117,164.630461980377,-0.8607282638549805,2089.990966796875,2318.966796875,743
faisalabad_calib_1km,2025-11-20,2.7119522019180717,24.415453036785614,0.15104166666666666,52.3426838636524,164.75913180869,-0.6990168690681458,2130.781005859375,2271.835693359375,743
faisalabad_calib_1km,2025-11-22,2.5067916818836804,24.926173483650686,0.13541666666666666,52.7896171882105,164.780495338082,-0.7889420390129089,1997.6651611328125,2167.776611328125,743
faisalabad_calib_1km,2025-11-25,1.9974063486169695,25.74204464860589,0.08333333333333333,53.4526602612479,164.608600429939,-0.7834950685501099,2006.798828125,2209.34033203125,743
faisalabad_calib_1km,2025-12-05,2.077433040838751,27.523229155853365,0.07291666666666667,55.2090504053904,164.108992018734,-0.7203630208969116,2067.3525390625,2243.00830078125,743
faisalabad_calib_1km,2026-01-19,6.527156988762485,27.645242111706672,0.041666666666666664,54.6147931820689,157.929190414885,-0.3581291735172272,2249.13623046875,2304.61669921875,743
faisalabad_calib_1km,2026-01-29,5.083353657401622,25.7085495954978,0.046875,52.5687408462599,156.193764483126,-0.7728883028030396,1863.3294677734375,2064.339111328125,743
faisalabad_calib_1km,2026-02-08,4.410806982353452,23.201070081821513,0.046875,49.9299642036648,154.505026972045,-0.8137829899787903,1955.1527099609375,2156.373046875,743
faisalabad_calib_1km,2026-02-23,4.070669760308043,20.61586971713212,0.06770833333333333,45.1144670686094,151.957503808077,-0.702735185623169,2072.210693359375,2206.482666015625,743
hasal_calib_1p00km2,2025-11-20,7.624079717066722,30.519719062577195,0.015625,51.6834070211998,163.46336592068,-0.366305947303772,2749.541748046875,2804.510986328125,168
hasal_calib_1p00km2,2025-11-22,7.8468726963928805,30.963771100092544,0.010416666666666666,52.1298402045881,163.497887563256,-0.3630644679069519,2527.60107421875,2604.348388671875,168
hasal_calib_1p00km2,2025-11-25,8.312680787934312,31.621207609854874,0.010416666666666666,52.7958334775964,163.343578838974,-0.37404316663742065,2610.796142578125,2684.88623046875,168
hasal_calib_1p00km2,2026-02-23,3.6187999767071264,26.608705989268174,0.010416666666666666,44.7050346150643,150.308996671558,-0.6124448180198669,2526.509033203125,2682.62548828125,168
hasal_calib_1p00km2,2026-03-05,6.333196755697833,24.478668384756872,0.036458333333333336,41.1170536814809,148.449290351624,-0.6461401581764221,2594.8154296875,2773.268310546875,168
hasal_calib_1p00km2,2026-03-15,2.7136775355362404,23.388265936990287,0.041666666666666664,37.3588658623526,146.443569442677,-0.7822279334068298,2603.421142578125,2793.136474609375,168
islamabad_east_calib_2p79km2,2025-11-02,6.9944066535899365,29.10645575706323,0.03125,50.1044101523983,164.221561930112,-0.37938347458839417,2314.750732421875,2418.287353515625,925
islamabad_east_calib_2p79km2,2025-11-10,7.216155444909065,30.73772272270049,0.010416666666666666,52.4461635081473,164.797257827737,-0.2721159756183624,2270.318359375,2355.151123046875,925
islamabad_east_calib_2p79km2,2025-11-15,7.9418023141300065,31.889974994673178,0.005208333333333333,53.7947758911933,164.911071005354,-0.32362282276153564,2332.187255859375,2423.125732421875,925
islamabad_east_calib_2p79km2,2025-11-20,8.542177271198435,32.78888237270794,0.005208333333333333,55.004630224133,165.018399285188,-0.3200576901435852,2322.1884765625,2405.66552734375,925
islamabad_east_calib_2p79km2,2025-11-22,8.930231626755685,33.23264387469332,0.005208333333333333,55.4517401980687,165.032907542435,-0.23642662167549133,2339.150634765625,2385.1103515625,925
islamabad_east_calib_2p79km2,2025-11-25,9.543323582423954,33.90578334739416,0.005208333333333333,56.1132057092898,164.857674937587,-0.2375400811433792,2362.12353515625,2416.361083984375,925
islamabad_east_calib_2p79km2,2025-11-30,10.16743798084949,34.64516529782469,0.0,57.0525716620256,164.720608181038,-0.26510629057884216,2340.134521484375,2411.850341796875,925
islamabad_east_calib_2p79km2,2025-12-10,11.687647294937856,36.20709659798802,0.0,58.4933313118782,163.986240898116,-0.3099439740180969,2407.930419921875,2496.92822265625,925
islamabad_east_calib_2p79km2,2025-12-25,12.075925425844616,37.79730546030006,0.0,59.3790849339635,162.198506509302,-0.4795984625816345,2138.30078125,2295.64404296875,925
islamabad_east_calib_2p79km2,2026-01-14,9.168182359838102,36.99297335397682,0.005208333333333333,57.9943825924812,159.164287382658,-0.4205673038959503,2235.749267578125,2347.2412109375,925
islamabad_east_calib_2p79km2,2026-01-29,7.079280864799712,34.30026671512939,0.010416666666666666,55.1261623704075,156.731664881753,-0.32876166701316833,2117.9931640625,2228.5791015625,925
islamabad_east_calib_2p79km2,2026-02-23,1.205251662424097,28.691797281422126,0.015625,47.6018114681513,152.867177317318,-0.27116698026657104,2382.159912109375,2455.29931640625,925
islamabad_north_calib_2p79km2,2025-11-02,6.9944066535899365,29.10645575706323,0.03125,50.1044101523983,164.221561930112,-0.3692355751991272,2342.982177734375,2460.7568359375,860
islamabad_north_calib_2p79km2,2025-11-10,7.216155444909065,30.73772272270049,0.010416666666666666,52.4461635081473,164.797257827737,-0.3197706341743469,2292.449951171875,2403.3525390625,860
islamabad_north_calib_2p79km2,2025-11-15,7.9418023141300065,31.889974994673178,0.005208333333333333,53.7947758911933,164.911071005354,-0.3547438681125641,2365.720947265625,2485.117919921875,860
islamabad_north_calib_2p79km2,2025-11-20,8.542177271198435,32.78888237270794,0.005208333333333333,55.004630224133,165.018399285188,-0.3528415858745575,2354.630859375,2457.501220703125,860
islamabad_north_calib_2p79km2,2025-11-22,8.930231626755685,33.23264387469332,0.005208333333333333,55.4517401980687,165.032907542435,-0.3043147921562195,2345.725830078125,2412.544921875,860
islamabad_north_calib_2p79km2,2025-11-25,9.543323582423954,33.90578334739416,0.005208333333333333,56.1132057092898,164.857674937587,-0.3304753005504608,2371.765625,2453.143798828125,860
islamabad_north_calib_2p79km2,2025-11-30,10.16743798084949,34.64516529782469,0.0,57.0525716620256,164.720608181038,-0.3543558418750763,2344.766845703125,2459.995849609375,860
islamabad_north_calib_2p79km2,2025-12-10,11.687647294937856,36.20709659798802,0.0,58.4933313118782,163.986240898116,-0.3382454812526703,2420.4501953125,2522.452880859375,860
islamabad_north_calib_2p79km2,2025-12-25,12.075925425844616,37.79730546030006,0.0,59.3790849339635,162.198506509302,-0.4602363109588623,2190.0361328125,2346.3232421875,860
islamabad_north_calib_2p79km2,2026-01-14,9.168182359838102,36.99297335397682,0.005208333333333333,57.9943825924812,159.164287382658,-0.3959529399871826,2284.449462890625,2404.864501953125,860
islamabad_north_calib_2p79km2,2026-01-29,7.079280864799712,34.30026671512939,0.010416666666666666,55.1261623704075,156.731664881753,-0.36254528164863586,2163.06396484375,2310.12548828125,860
islamabad_north_calib_2p79km2,2026-02-23,1.205251662424097,28.691797281422126,0.015625,47.6018114681513,152.867177317318,-0.23039628565311432,2426.6953125,2502.856689453125,860
islamabad_northeast_calib_3p34km2,2025-11-02,6.9944066535899365,29.10645575706323,0.03125,50.1044101523983,164.221561930112,-0.4614422023296356,2275.83544921875,2408.3056640625,731
islamabad_northeast_calib_3p34km2,2025-11-10,7.216155444909065,30.73772272270049,0.010416666666666666,52.4461635081473,164.797257827737,-0.35774534940719604,2221.677490234375,2328.6416015625,731
islamabad_northeast_calib_3p34km2,2025-11-15,7.9418023141300065,31.889974994673178,0.005208333333333333,53.7947758911933,164.911071005354,-0.40862032771110535,2310.002685546875,2418.51171875,731
islamabad_northeast_calib_3p34km2,2025-11-20,8.542177271198435,32.78888237270794,0.005208333333333333,55.004630224133,165.018399285188,-0.42505723237991333,2256.368896484375,2370.74853515625,731
islamabad_northeast_calib_3p34km2,2025-11-22,8.930231626755685,33.23264387469332,0.005208333333333333,55.4517401980687,165.032907542435,-0.3841598629951477,2295.918701171875,2375.135986328125,731
islamabad_northeast_calib_3p34km2,2025-11-25,9.543323582423954,33.90578334739416,0.005208333333333333,56.1132057092898,164.857674937587,-0.40895187854766846,2299.22265625,2403.318359375,731
islamabad_northeast_calib_3p34km2,2025-11-30,10.16743798084949,34.64516529782469,0.0,57.0525716620256,164.720608181038,-0.41027382016181946,2274.392333984375,2388.9765625,731
islamabad_northeast_calib_3p34km2,2025-12-10,11.687647294937856,36.20709659798802,0.0,58.4933313118782,163.986240898116,-0.3679475784301758,2379.039306640625,2475.722900390625,731
islamabad_northeast_calib_3p34km2,2025-12-25,12.075925425844616,37.79730546030006,0.0,59.3790849339635,162.198506509302,-0.5338729023933411,2097.839599609375,2285.857177734375,731
islamabad_northeast_calib_3p34km2,2026-01-14,9.168182359838102,36.99297335397682,0.005208333333333333,57.9943825924812,159.164287382658,-0.4301218092441559,2227.462158203125,2344.8466796875,731
islamabad_northeast_calib_3p34km2,2026-01-29,7.079280864799712,34.30026671512939,0.010416666666666666,55.1261623704075,156.731664881753,-0.3806091547012329,2092.098388671875,2219.120361328125,731
islamabad_northeast_calib_3p34km2,2026-02-23,1.205251662424097,28.691797281422126,0.015625,47.6018114681513,152.867177317318,-0.3978355824947357,2348.88720703125,2461.367919921875,731
islamabad_south_calib_2p79km2,2025-11-02,6.9944066535899365,29.10645575706323,0.03125,50.1044101523983,164.221561930112,-0.5884894728660583,2367.133544921875,2518.341552734375,558
islamabad_south_calib_2p79km2,2025-11-10,7.216155444909065,30.73772272270049,0.010416666666666666,52.4461635081473,164.797257827737,-0.45151081681251526,2330.8955078125,2469.4462890625,558
islamabad_south_calib_2p79km2,2025-11-15,7.9418023141300065,31.889974994673178,0.005208333333333333,53.7947758911933,164.911071005354,-0.4783623516559601,2403.486083984375,2518.068115234375,558
islamabad_south_calib_2p79km2,2025-11-20,8.542177271198435,32.78888237270794,0.005208333333333333,55.004630224133,165.018399285188,-0.48103079199790955,2403.85888671875,2519.197998046875,558
islamabad_south_calib_2p79km2,2025-11-22,8.930231626755685,33.23264387469332,0.005208333333333333,55.4517401980687,165.032907542435,-0.3684234321117401,2408.241943359375,2483.676025390625,558
islamabad_south_calib_2p79km2,2025-11-25,9.543323582423954,33.90578334739416,0.005208333333333333,56.1132057092898,164.857674937587,-0.4070470333099365,2421.30322265625,2519.478759765625,558
islamabad_south_calib_2p79km2,2025-11-30,10.16743798084949,34.64516529782469,0.0,57.0525716620256,164.720608181038,-0.4442586898803711,2401.5712890625,2527.00927734375,558
islamabad_south_calib_2p79km2,2025-12-10,11.687647294937856,36.20709659798802,0.0,58.4933313118782,163.986240898116,-0.4390665292739868,2449.4248046875,2578.568115234375,558
islamabad_south_calib_2p79km2,2025-12-25,12.075925425844616,37.79730546030006,0.0,59.3790849339635,162.198506509302,-0.6573185324668884,2192.4609375,2381.089111328125,558
islamabad_south_calib_2p79km2,2026-01-14,9.168182359838102,36.99297335397682,0.005208333333333333,57.9943825924812,159.164287382658,-0.5845265984535217,2279.398193359375,2438.93310546875,558
islamabad_south_calib_2p79km2,2026-01-29,7.079280864799712,34.30026671512939,0.010416666666666666,55.1261623704075,156.731664881753,-0.46729961037635803,2163.54248046875,2330.899169921875,558
islamabad_south_calib_2p79km2,2026-02-23,1.205251662424097,28.691797281422126,0.015625,47.6018114681513,152.867177317318,-0.4867251217365265,2422.1201171875,2552.69482421875,558
islamabad_west_calib_2p79km2,2025-11-02,6.9944066535899365,29.10645575706323,0.03125,50.1044101523983,164.221561930112,-0.6210055947303772,2347.080078125,2532.277099609375,944
islamabad_west_calib_2p79km2,2025-11-10,7.216155444909065,30.73772272270049,0.010416666666666666,52.4461635081473,164.797257827737,-0.5547442436218262,2297.798583984375,2481.61669921875,944
islamabad_west_calib_2p79km2,2025-11-15,7.9418023141300065,31.889974994673178,0.005208333333333333,53.7947758911933,164.911071005354,-0.6289424896240234,2343.4814453125,2533.508056640625,944
islamabad_west_calib_2p79km2,2025-11-20,8.542177271198435,32.78888237270794,0.005208333333333333,55.004630224133,165.018399285188,-0.5772761702537537,2382.873046875,2536.418212890625,944
islamabad_west_calib_2p79km2,2025-11-22,8.930231626755685,33.23264387469332,0.005208333333333333,55.4517401980687,165.032907542435,-0.5650467276573181,2349.0517578125,2488.6279296875,944
islamabad_west_calib_2p79km2,2025-11-25,9.543323582423954,33.90578334739416,0.005208333333333333,56.1132057092898,164.857674937587,-0.5578883290290833,2385.896240234375,2530.984130859375,944
islamabad_west_calib_2p79km2,2025-11-30,10.16743798084949,34.64516529782469,0.0,57.0525716620256,164.720608181038,-0.5399003624916077,2371.527099609375,2544.9033203125,944
islamabad_west_calib_2p79km2,2025-12-10,11.687647294937856,36.20709659798802,0.0,58.4933313118782,163.986240898116,-0.5175163745880127,2421.0244140625,2584.799072265625,944
islamabad_west_calib_2p79km2,2025-12-25,12.075925425844616,37.79730546030006,0.0,59.3790849339635,162.198506509302,-0.731403648853302,2162.632080078125,2388.35986328125,944
islamabad_west_calib_2p79km2,2026-01-14,9.168182359838102,36.99297335397682,0.005208333333333333,57.9943825924812,159.164287382658,-0.6353007555007935,2260.52783203125,2459.017578125,944
islamabad_west_calib_2p79km2,2026-01-29,7.079280864799712,34.30026671512939,0.010416666666666666,55.1261623704075,156.731664881753,-0.5291064381599426,2134.886474609375,2348.504150390625,944
islamabad_west_calib_2p79km2,2026-02-23,1.205251662424097,28.691797281422126,0.015625,47.6018114681513,152.867177317318,-0.4947888255119324,2404.16015625,2563.5791015625,944
kalat_rural_calib_3km,2025-11-01,1.8678313530470783,25.918740660255054,0.010416666666666666,45.0409598869968,160.59181906769,-1.8219683170318604,2902.276123046875,3559.5908203125,287
kalat_rural_calib_3km,2025-11-21,4.651732571817025,29.91281809738862,0.010416666666666666,50.4135369814473,162.049692768642,-1.8576256036758423,2863.83447265625,3499.95751953125,287
kalat_rural_calib_3km,2025-12-08,7.232068952016081,32.806002319562495,0.010416666666666666,53.4480861723643,161.484582467189,-1.9009099006652832,2780.0078125,3420.823974609375,287
kalat_rural_calib_3km,2025-12-11,7.626664785014422,33.25847173688272,0.010416666666666666,53.8252721378215,161.143219155903,-1.7178473472595215,2821.731689453125,3387.764892578125,287
kalat_rural_calib_3km,2026-01-05,4.910165256116087,34.575065096639136,0.010416666666666666,54.3528962718934,157.77401402476,-1.6251484155654907,2700.54541015625,3248.3037109375,287
kalat_rural_calib_3km,2026-01-25,4.505989081854497,33.62887697705541,0.015625,51.6085144601779,154.102961865649,-1.5197120904922485,2721.953857421875,3259.533447265625,287
kalat_rural_calib_3km,2026-02-04,3.914273577342098,31.659853178935947,0.015625,49.2748976250159,152.176534641891,-1.735566258430481,2871.8798828125,3481.433349609375,287
kalat_rural_calib_3km,2026-02-14,2.6597842579105366,30.331194208917367,0.015625,46.4167725081096,150.211262818976,-1.7531273365020752,2776.438232421875,3405.02587890625,287
kalat_rural_calib_3km,2026-02-19,2.8929554557652537,29.813008136334997,0.020833333333333332,44.8373366088403,149.175063252363,-1.562591791152954,2665.60546875,3192.818603515625,287
kalat_rural_calib_3km,2026-02-24,4.127240142416467,28.92412406212282,0.03125,43.1493714118058,148.176659225777,-1.7586241960525513,2822.951171875,3443.0703125,287
kalat_rural_calib_3km,2026-03-01,5.736979147644698,28.219769243088813,0.03125,41.4057909730374,147.108938449073,-1.7032475471496582,2897.768310546875,3493.351806640625,287
kalat_rural_calib_3km,2026-03-06,3.991240008915444,27.727025233924273,0.036458333333333336,39.5950674525521,146.037388479908,-1.7746875286102295,2887.00439453125,3502.10546875,287
karachi_coast_calib_2p16km2,2025-11-16,0.8879352277875721,18.827802498836853,0.3020833333333333,45.4254734591553,162.599162175269,-0.5890347361564636,2737.6923828125,2947.877685546875,778
karachi_coast_calib_2p16km2,2025-11-26,1.5728984207602685,20.18021624252372,0.28125,47.6894983405009,162.679977637647,-0.562777042388916,2725.536376953125,2915.4013671875,778
karachi_coast_calib_2p16km2,2025-12-01,1.5602070032246689,20.774505811130204,0.2604166666666667,48.6394332653941,162.422173964337,-0.8177981972694397,2570.889404296875,2978.773193359375,778
karachi_coast_calib_2p16km2,2025-12-08,4.3955761963181095,33.37358393459485,0.015625,50.4426316191141,159.133990186955,-0.7651010155677795,2608.467529296875,2880.0439453125,778
karachi_coast_calib_2p16km2,2025-12-11,1.4346044515414311,21.62479112190982,0.21875,50.0477257267965,161.687614180296,-0.7174986004829407,2587.73388671875,2856.431640625,778
karachi_coast_calib_2p16km2,2025-12-16,1.294736046098343,21.777439876291186,0.21354166666666666,50.4971278465312,161.188854929452,-0.6790849566459656,2639.9482421875,2887.163818359375,778
karachi_coast_calib_2p16km2,2026-02-04,1.0303500419936247,18.003387397673393,0.16145833333333334,45.553683108271,152.156716800164,-0.7225772142410278,2643.5224609375,2909.353271484375,778
karachi_coast_calib_2p16km2,2026-02-19,1.0265839270435007,17.56426456616317,0.16145833333333334,41.1576565183085,148.835952722895,-0.793096125125885,2684.021240234375,3003.35791015625,778
lahore_calib_6p61km2,2025-11-02,1.1688142362370546,28.102796289680306,0.015625,47.8422833782457,161.919528153539,-0.3526814877986908,2439.85693359375,2510.380615234375,3139
lahore_calib_6p61km2,2025-11-09,3.154435704545093,29.363639116922077,0.010416666666666666,49.8609367729423,162.691388330319,-0.3336055874824524,2254.0703125,2366.22119140625,3139
lahore_calib_6p61km2,2025-11-12,4.107185237599451,30.152494423399837,0.010416666666666666,50.7021867538525,162.788905498064,-0.30211472511291504,2394.54931640625,2467.662109375,3139
lahore_calib_6p61km2,2025-11-22,6.548689710607112,32.37273199986942,0.010416666666666666,53.1628825447584,163.023275853058,-0.3072897493839264,2224.65185546875,2291.9423828125,3139
lahore_calib_6p61km2,2025-11-27,7.08809562768469,33.16751367248953,0.010416666666666666,54.1903886730568,163.000822227418,-0.3655727803707123,2311.90625,2387.156494140625,3139
lahore_calib_6p61km2,2025-11-29,6.878282403188874,33.56804928226598,0.010416666666666666,54.5601582439382,162.964220430528,-0.30807045102119446,2218.209228515625,2287.470947265625,3139
lahore_calib_6p61km2,2025-12-02,6.616107874995885,34.22025524016358,0.010416666666666666,55.1063169981813,162.717561358613,-0.3154749274253845,2490.59912109375,2538.210205078125,3139
lahore_calib_6p61km2,2026-01-21,1.5353513414392816,36.20060229423275,0.015625,54.7601309891563,156.003874087457,-0.44576677680015564,2178.458740234375,2264.0986328125,3139
lahore_calib_6p61km2,2026-02-15,1.9429107644367303,32.17849353586902,0.015625,48.3751008275377,151.589809136702,-0.3589707314968109,2214.159423828125,2326.103759765625,3139
lahore_calib_6p61km2,2026-02-20,0.8217007998075556,31.581571287020473,0.015625,46.7501371336936,150.671856229148,-0.2269611358642578,2638.2646484375,2678.095703125,3139
lahore_calib_6p61km2,2026-02-25,2.050111775477224,30.674696953635454,0.020833333333333332,45.0211722807336,149.801261381305,0.046630702912807465,2569.19140625,2522.713623046875,3139
lahore_calib_6p61km2,2026-03-02,3.769756664224479,29.99305258767108,0.03125,43.2364710272109,148.878753753792,0.011268213391304016,2440.599609375,2428.634765625,3139
malok_calib_4p13km2,2025-11-02,1.0828421996358975,28.359310685793847,0.015625,47.0213200739261,161.381730124371,-0.34959837794303894,2693.869140625,2786.97412109375,174
malok_calib_4p13km2,2025-11-10,2.821149522509121,29.501144264668724,0.015625,49.3363890521586,162.147817536573,-0.22132422029972076,2728.067626953125,2789.10986328125,174
malok_calib_4p13km2,2025-11-15,4.328834146124987,30.823850164877665,0.015625,50.678696661373,162.355131843029,-0.29663366079330444,2664.781494140625,2755.464111328125,174
malok_calib_4p13km2,2025-11-20,5.340472593725656,31.61973810138361,0.010416666666666666,51.8827442113931,162.543387851117,-0.1985868215560913,2750.3994140625,2790.7724609375,174
malok_calib_4p13km2,2025-11-22,5.865411303598388,32.0703276134619,0.010416666666666666,52.3287440093516,162.586022093125,-0.24820780754089355,2570.22412109375,2628.22900390625,174
malok_calib_4p13km2,2025-11-25,6.121898462528583,32.829379159467734,0.010416666666666666,52.9964399959425,162.444272730939,-0.16301235556602478,2716.896484375,2750.791259765625,174
malok_calib_4p13km2,2026-01-14,1.0385779318254158,36.86011729236514,0.015625,55.1183747660934,156.66849937476,-0.46834278106689453,2426.718505859375,2547.204345703125,174
malok_calib_4p13km2,2026-01-19,1.1731518948597779,36.50251310930297,0.015625,54.359190998286,155.792842374831,-0.3816286623477936,2534.856201171875,2627.3310546875,174
malok_calib_4p13km2,2026-02-08,3.372773014185578,33.954522656842144,0.015625,49.7825825988309,152.131876928948,-0.5585188865661621,2584.112060546875,2721.163818359375,174
malok_calib_4p13km2,2026-02-23,1.684022508459073,31.678890612552067,0.015625,45.0495549091999,149.309179590562,-0.600199818611145,2634.05029296875,2803.040771484375,174
malok_calib_4p13km2,2026-03-05,5.500701084138679,30.365042142987512,0.036458333333333336,41.4810832217811,147.382877438532,-0.5263810157775879,2730.5244140625,2862.767822265625,174
malok_calib_4p13km2,2026-03-15,2.3411972118270703,28.933477012630718,0.036458333333333336,37.7435194497823,145.299529644829,-0.6467972993850708,2837.99853515625,3034.317626953125,174
mardan_calib_1km,2025-11-02,5.272781880360888,31.804833289594438,0.015625,50.3375008233641,162.915078435478,-0.39968928694725037,2423.875732421875,2484.57958984375,199
mardan_calib_1km,2025-11-03,1.09708733112225,22.878950248656647,0.23958333333333334,50.0938658890705,166.036604434388,-0.04223291948437691,2475.365478515625,2482.894775390625,199
mardan_calib_1km,2025-12-08,2.385687829145538,28.453608732022023,0.0625,57.9424250684272,165.61366947461,-0.18112805485725403,2387.4345703125,2408.037109375,199
mardan_calib_1km,2026-02-21,0.13967816115021653,19.94123151793941,0.14583333333333334,47.7565600122442,154.928131894766,-0.03325922042131424,2330.680908203125,2339.378662109375,199
mardan_calib_1km,2026-02-23,3.0075333362425147,34.32478901242291,0.015625,47.998804955553,151.554040255402,-0.4317632019519806,2405.446044921875,2484.60205078125,199
mardan_calib_1km,2026-02-26,1.2472816560179603,18.628539745119028,0.17708333333333334,45.9821281465347,154.217618184786,-0.14799751341342926,2404.5,2441.8837890625,199
mardan_calib_1km,2026-02-28,1.3822710707340615,33.55659725655628,0.015625,46.2070398980253,150.790785317503,-0.5999083518981934,2435.753662109375,2557.57177734375,199
multan_calib_3p92km2,2025-11-02,1.0828421996358975,28.359310685793847,0.015625,47.0213200739261,161.381730124371,-1.0584567785263062,2332.060302734375,2751.885009765625,2272
multan_calib_3p92km2,2025-11-10,2.821149522509121,29.501144264668724,0.015625,49.3363890521586,162.147817536573,-1.100648045539856,2350.9375,2773.28271484375,2272
multan_calib_3p92km2,2025-11-20,5.340472593725656,31.61973810138361,0.010416666666666666,51.8827442113931,162.543387851117,-0.8289532661437988,2798.079345703125,3012.52880859375,2272
multan_calib_3p92km2,2025-11-22,5.865411303598388,32.0703276134619,0.010416666666666666,52.3287440093516,162.586022093125,-1.160053014755249,2217.86474609375,2583.9287109375,2272
multan_calib_3p92km2,2025-11-25,6.121898462528583,32.829379159467734,0.010416666666666666,52.9964399959425,162.444272730939,-0.7391006350517273,2721.769775390625,2906.898681640625,2272
multan_calib_3p92km2,2026-01-14,1.0385779318254158,36.86011729236514,0.015625,55.1183747660934,156.66849937476,-1.0752180814743042,2171.630615234375,2571.845947265625,2258
multan_calib_3p92km2,2026-01-19,1.1731518948597779,36.50251310930297,0.015625,54.359190998286,155.792842374831,-0.9085162281990051,2327.159423828125,2646.61181640625,2272
multan_calib_3p92km2,2026-02-06,1.2737503731031643,20.359593011624796,0.18229166666666666,49.4030728742983,155.351267502467,-0.4601603150367737,2580.89794921875,2776.974609375,461
multan_calib_3p92km2,2026-02-08,3.372773014185578,33.954522656842144,0.015625,49.7825825988309,152.131876928948,-1.0579125881195068,2499.50732421875,2832.236328125,2272
multan_calib_3p92km2,2026-02-16,0.5714764924099833,18.115819055611972,0.1875,46.3678671327136,153.6494289626,-0.36521363258361816,2652.23193359375,2775.862548828125,613
multan_calib_3p92km2,2026-02-23,1.684022508459073,31.678890612552067,0.015625,45.0495549091999,149.309179590562,-1.1181586980819702,2263.51220703125,2787.672119140625,2272
multan_calib_3p92km2,2026-03-05,5.500701084138679,30.365042142987512,0.036458333333333336,41.4810832217811,147.382877438532,-1.1944409608840942,2257.252197265625,2796.00048828125,2272
peshawar_calib_1km,2025-11-03,0.5279295674007274,22.419201457263764,0.19791666666666666,50.213124439972,165.30998482614,-0.22794975340366364,2363.545166015625,2410.469970703125,304
peshawar_calib_1km,2025-11-08,2.077295098185454,23.88576878489443,0.171875,51.7018037690672,165.590827833072,-0.12357907742261887,2395.49755859375,2446.8837890625,304
peshawar_calib_1km,2025-11-13,1.9587323592697417,24.90998514933495,0.13541666666666666,53.0691421893504,165.87762258016,-0.14332158863544464,2294.0888671875,2345.496337890625,304
peshawar_calib_1km,2025-11-23,0.7269383969666466,27.274538688801826,0.078125,55.4848789655273,165.898949664761,-0.1034984216094017,2402.153076171875,2426.365234375,304
peshawar_calib_1km,2025-11-25,1.1486357983348128,27.75362689486701,0.07291666666666667,55.8992999225827,165.876109305034,-0.0644267350435257,2384.0830078125,2397.66943359375,304
peshawar_calib_1km,2025-11-28,1.945758546586044,28.559267906871895,0.06770833333333333,56.5083416384897,165.64333359657,-0.07649151980876923,2369.712890625,2380.53466796875,304
peshawar_calib_1km,2025-12-03,2.5516131217195057,29.1742912878455,0.057291666666666664,57.3548911736049,165.423593668846,-0.1451777070760727,2344.40625,2375.574951171875,304
peshawar_calib_1km,2025-12-08,3.507641271374173,30.09577414396763,0.03125,58.0647809349282,164.987459748407,-0.09860654175281525,2341.98193359375,2357.274169921875,304
peshawar_calib_1km,2025-12-23,4.926434707802454,30.161710947540705,0.026041666666666668,59.1248584997307,163.353790456372,-0.4344022274017334,2104.88818359375,2263.909423828125,304
peshawar_calib_1km,2026-02-21,3.012247928812365,21.655483403934333,0.052083333333333336,47.9653830603737,154.196904394089,-0.37786513566970825,2287.072265625,2395.584716796875,304
peshawar_calib_1km,2026-02-26,2.9094179307468786,20.61677711701291,0.0625,46.1965463552473,153.463196920673,-0.3453992009162903,2440.3642578125,2524.77294921875,304
peshawar_calib_1km,2026-03-08,3.57296823761447,18.581153249241545,0.08854166666666667,42.4597837624229,152.05262820043,-0.3640613555908203,2466.196533203125,2575.092529296875,304
peshawar_west_calib_4p39km2,2025-11-03,0.5279295674007274,22.419201457263764,0.19791666666666666,50.213124439972,165.30998482614,-0.7450383901596069,2394.77685546875,2630.85009765625,2587
peshawar_west_calib_4p39km2,2025-11-08,2.077295098185454,23.88576878489443,0.171875,51.7018037690672,165.590827833072,-0.6040967702865601,2423.181640625,2741.7333984375,2583
peshawar_west_calib_4p39km2,2025-11-13,1.9587323592697417,24.90998514933495,0.13541666666666666,53.0691421893504,165.87762258016,-0.7179959416389465,2319.420166015625,2601.8681640625,2587
peshawar_west_calib_4p39km2,2025-11-23,0.7269383969666466,27.274538688801826,0.078125,55.4848789655273,165.898949664761,-0.6552883386611938,2419.02392578125,2633.1171875,2587
peshawar_west_calib_4p39km2,2025-11-25,1.1486357983348128,27.75362689486701,0.07291666666666667,55.8992999225827,165.876109305034,-0.6387083530426025,2408.046875,2666.974853515625,2585
peshawar_west_calib_4p39km2,2025-11-28,1.945758546586044,28.559267906871895,0.06770833333333333,56.5083416384897,165.64333359657,-0.7448158860206604,2412.791259765625,2681.1982421875,2573
peshawar_west_calib_4p39km2,2025-12-03,2.5516131217195057,29.1742912878455,0.057291666666666664,57.3548911736049,165.423593668846,-0.7304645776748657,2384.942138671875,2675.606201171875,2570
peshawar_west_calib_4p39km2,2025-12-08,3.507641271374173,30.09577414396763,0.03125,58.0647809349282,164.987459748407,-0.7235589623451233,2431.896484375,2705.2265625,2587
peshawar_west_calib_4p39km2,2025-12-23,4.926434707802454,30.161710947540705,0.026041666666666668,59.1248584997307,163.353790456372,-0.9474989175796509,2079.994873046875,2510.571044921875,2587
peshawar_west_calib_4p39km2,2026-02-21,3.012247928812365,21.655483403934333,0.052083333333333336,47.9653830603737,154.196904394089,-0.15414658188819885,2434.61767578125,2623.016845703125,2587
peshawar_west_calib_4p39km2,2026-02-26,2.9094179307468786,20.61677711701291,0.0625,46.1965463552473,153.463196920673,-0.19369842112064362,2558.992431640625,2730.42529296875,2587
peshawar_west_calib_4p39km2,2026-03-08,3.57296823761447,18.581153249241545,0.08854166666666667,42.4597837624229,152.05262820043,-0.1927906572818756,2591.693115234375,2775.660888671875,2587
quetta_calib_1km,2025-11-01,6.3058325538019675,25.676297043479252,0.057291666666666664,46.5266528542986,162.268692904218,-0.4144921898841858,2758.01220703125,2985.277099609375,165
quetta_calib_1km,2025-11-11,7.031732281840857,28.392806410396663,0.041666666666666664,49.4232086704339,163.197161842075,-0.3459048569202423,2687.550048828125,2874.537109375,165
quetta_calib_1km,2025-12-08,9.358939261163389,33.30702238212073,0.005208333333333333,54.9499809717282,162.82301238435,-0.2620752453804016,2590.301513671875,2746.21728515625,165
quetta_calib_1km,2026-01-30,4.572416653500049,31.194209710340722,0.010416666666666666,51.8251512570745,154.731380795171,-0.46547630429267883,2421.50146484375,2759.08837890625,165
quetta_calib_1km,2026-02-14,0.9492678593913508,28.271498800310898,0.010416666666666666,47.6482628367065,152.062574235096,-0.5240510702133179,2530.9970703125,2864.74365234375,165
quetta_calib_1km,2026-02-19,2.1745354711105764,27.27768183781633,0.015625,46.0422721699386,151.128867147123,-0.4664190113544464,2533.745361328125,2795.312744140625,165
quetta_calib_1km,2026-02-24,3.8483177871893046,25.85831064458472,0.020833333333333332,44.3286107744861,150.244682032227,-0.5457533001899719,2601.291015625,2938.294189453125,165
rahim_yar_khan_calib_2p06km2,2025-11-03,1.3901279526955836,19.231308857531815,0.28125,45.2114289554893,162.961119320613,-0.6168491840362549,2514.542236328125,2689.449951171875,438
rahim_yar_khan_calib_2p06km2,2025-11-08,2.5095245759172013,20.42706003703113,0.2552083333333333,46.6875305463159,163.366303702833,-0.639191210269928,2532.599853515625,2726.326416015625,438
rahim_yar_khan_calib_2p06km2,2025-11-23,0.14850689907275336,22.18532612927176,0.21354166666666666,50.45486670291,163.932081001932,-0.6401669979095459,2404.802978515625,2572.653564453125,438
rahim_yar_khan_calib_2p06km2,2025-11-25,0.37651030607163766,22.315750619352052,0.203125,50.8696888134617,163.931844094619,-0.6667615175247192,2530.19873046875,2660.740478515625,438
rahim_yar_khan_calib_2p06km2,2025-12-08,2.7105592441278885,24.44948420101855,0.16145833333333334,53.0664161538405,163.110390616016,-0.5649563670158386,2443.79736328125,2585.967529296875,438
rahim_yar_khan_calib_2p06km2,2025-12-23,3.044182615296767,25.571025513414227,0.08854166666666667,54.1899480698518,161.441472027422,-0.6742261648178101,2258.70263671875,2438.335693359375,438
rahim_yar_khan_calib_2p06km2,2026-01-04,4.421053715694899,25.398147419753293,0.09375,53.9176901068543,159.66974431609,-0.7539775967597961,2394.745361328125,2571.87158203125,438
rahim_yar_khan_calib_2p06km2,2026-01-27,3.535698950839487,22.902388682026118,0.08333333333333333,50.6237129838365,155.445697294726,-0.8415683507919312,2283.2763671875,2529.525634765625,438
rahim_yar_khan_calib_2p06km2,2026-02-16,2.7117700850181783,19.274769506426857,0.09375,45.1532542698639,151.689371515048,-0.7130967378616333,2419.22265625,2601.701904296875,438
rahim_yar_khan_calib_2p06km2,2026-02-21,3.301259973997182,18.21963623702453,0.09895833333333333,43.4947572211386,150.765632374826,-0.6534938812255859,2408.83740234375,2597.280517578125,438
rahim_yar_khan_calib_2p06km2,2026-02-26,3.022643438507947,17.951812374614285,0.11979166666666667,41.7727528219253,149.772663901184,-0.7296104431152344,2460.315185546875,2649.037109375,438
rahim_yar_khan_calib_2p06km2,2026-03-03,1.5567958891673002,18.359067309870795,0.13541666666666666,39.9727035040093,148.794201637104,-0.7507137060165405,2475.35205078125,2682.085205078125,438
sanghar_calib_3p98km2,2025-11-03,4.297476338913379,24.192911495887458,0.036458333333333336,43.1744272669416,159.655121599003,-0.43955183029174805,2692.261474609375,2881.18603515625,219
sanghar_calib_3p98km2,2025-11-13,3.555808190574526,26.0172615324232,0.03125,45.966676030893,160.719772431691,-0.4098869264125824,2682.607421875,2872.695556640625,219
sanghar_calib_3p98km2,2025-12-23,6.036908952784942,31.76120383700517,0.010416666666666666,52.2037330048802,158.778604742951,-0.24759767949581146,2604.03076171875,2703.975830078125,219
sanghar_calib_3p98km2,2026-01-04,5.474547910065401,31.99907581437155,0.010416666666666666,52.0094137363228,156.94491955253,-0.38380664587020874,2539.46923828125,2699.191650390625,219
sanghar_calib_3p98km2,2026-01-07,5.274241703326642,31.969727356384727,0.010416666666666666,51.84121564475,156.305642511324,-0.38919588923454285,2609.987548828125,2766.458984375,219
sanghar_calib_3p98km2,2026-01-27,3.5939199706771245,30.786705387848745,0.015625,48.9132413352541,152.373774497821,-0.6241417527198792,2584.177001953125,2842.272705078125,219
sanghar_calib_3p98km2,2026-02-01,3.680529493741856,30.17367791184291,0.015625,47.7803936980425,151.339821474313,-0.5817145705223083,2531.142578125,2806.984619140625,219
sanghar_calib_3p98km2,2026-02-16,4.948086401521328,27.932324750874074,0.03125,43.6337020393467,148.036278848193,-0.4700222611427307,2734.689453125,2944.401123046875,219
sanghar_calib_3p98km2,2026-02-21,6.08852652974643,27.031576019503,0.03125,42.0245713688226,146.917929391837,-0.4672575891017914,2691.363037109375,2898.251220703125,219
sanghar_calib_3p98km2,2026-02-26,4.843917474188186,26.710676349659884,0.041666666666666664,40.3563921622386,145.708012447223,-0.43367865681648254,2747.1220703125,2937.349609375,219
sanghar_calib_3p98km2,2026-03-03,2.9705988412730355,26.25449481776178,0.036458333333333336,38.6105569333014,144.487428732223,-0.44497519731521606,2782.38818359375,2978.601806640625,219
sanghar_calib_3p98km2,2026-03-08,1.2310566806405432,25.554827312021594,0.03125,36.82821066069,143.178079262566,-0.46865007281303406,2880.643798828125,3085.74951171875,219
sialkot_calib_1km,2025-11-02,5.1197596735108775,31.949409930290557,0.015625,49.5931117658134,162.243948985876,-0.43821749091148376,2239.331298828125,2315.638671875,212
sialkot_calib_1km,2025-11-07,5.078092761604118,32.76516727664337,0.015625,51.0539829627025,162.803350371278,-0.6213470101356506,1994.813720703125,2168.7607421875,212
sialkot_calib_1km,2025-11-09,4.874081147359115,33.24435880463277,0.010416666666666666,51.6174879417811,162.969865646131,-0.6431800127029419,1968.833740234375,2147.980712890625,212
sialkot_calib_1km,2025-11-10,1.4684805626040682,23.08615301600652,0.21354166666666666,51.3432080129706,165.961972128337,-0.23037797212600708,2052.05908203125,2109.59912109375,212
sialkot_calib_1km,2025-11-12,4.6798960077473915,34.07083233971151,0.010416666666666666,52.4594184402537,163.054847999751,-0.5951236486434937,2011.5872802734375,2171.585205078125,212
sialkot_calib_1km,2025-11-15,0.6153241656012037,23.905658785175156,0.17708333333333334,52.6930301308146,166.051553550104,-0.13638745248317719,2025.862060546875,2059.425048828125,212
sialkot_calib_1km,2025-11-17,4.642716335864157,34.98674022447442,0.010416666666666666,53.734541514506,163.292845199486,-0.5125786662101746,2179.6474609375,2269.627685546875,212
sialkot_calib_1km,2025-12-02,5.437906211070752,38.0179136319957,0.005208333333333333,56.8628722263551,162.935473765228,-0.3197810649871826,2159.299560546875,2216.135986328125,212
sialkot_calib_1km,2026-01-21,2.8018675391623082,40.21172063396584,0.005208333333333333,56.4557265529887,156.363084305488,-0.4111681282520294,1995.4268798828125,2089.170654296875,212
sialkot_calib_1km,2026-02-13,2.227532346297349,21.643660160947782,0.109375,49.7413222265853,155.382243261603,-0.3705551028251648,2011.20751953125,2087.644287109375,212
sialkot_calib_1km,2026-02-20,3.745109444082006,35.189264890467314,0.010416666666666666,48.3821706948014,151.312925404358,-0.6217081546783447,2124.61083984375,2251.50732421875,212
sialkot_calib_1km,2026-02-28,1.3332031627421406,17.99633583200967,0.140625,44.572024999243,153.196716748946,-0.2768568694591522,2105.172119140625,2173.723388671875,212
site_karachi_calib_4p14km2,2025-11-16,1.5884212743323702,20.61246048604874,0.203125,45.6875386096882,161.358979568423,-1.1082814931869507,2446.150634765625,2898.8515625,4079
site_karachi_calib_4p14km2,2025-11-26,2.1321239405538113,22.159846467719106,0.15625,47.9499005674898,161.502547150405,-1.10724937915802,2461.215576171875,2855.11376953125,4079
site_karachi_calib_4p14km2,2025-12-08,1.5401941113558655,37.57402945573157,0.010416666666666666,50.7546726737609,158.041488304112,-1.1130558252334595,2369.9794921875,2823.176025390625,4079
site_karachi_calib_4p14km2,2025-12-11,4.70079851190372,24.44899656414384,0.09375,50.3222929089726,160.575303377327,-1.0274237394332886,2308.673583984375,2773.3486328125,4079
site_karachi_calib_4p14km2,2025-12-16,5.111040343823155,24.72682054191833,0.08854166666666667,50.7789096175922,160.089774845579,-1.0696488618850708,2350.994873046875,2832.45703125,4079
site_karachi_calib_4p14km2,2026-02-04,5.5006505876073755,22.057623509266072,0.0625,45.9644128825636,150.982068525418,-1.044470191001892,2353.51904296875,2837.825439453125,4079
site_karachi_calib_4p14km2,2026-02-19,5.043517285939612,20.5384878238955,0.057291666666666664,41.6138622543452,147.563718634928,-0.9788007140159607,2360.05908203125,2847.23681640625,4079
sukkur_calib_2p63km2,2025-11-03,2.2231180260470813,26.52697263340323,0.015625,44.9095738959119,160.127025272406,-0.3682926297187805,2769.170166015625,2967.94970703125,404
sukkur_calib_2p63km2,2025-11-08,0.8843610374212668,27.51916689728062,0.015625,46.3704822326658,160.630254413624,-0.22191348671913147,2962.27783203125,3060.974609375,404
sukkur_calib_2p63km2,2025-11-25,3.7179245161784933,30.31213386198155,0.015625,50.5295028449073,161.447511800079,-0.24896177649497986,2799.36083984375,2875.398193359375,404
sukkur_calib_2p63km2,2025-11-28,4.467672323982598,31.04507018480436,0.015625,51.1531590226737,161.267842720196,-0.2883337140083313,2760.052490234375,2861.578857421875,404
sukkur_calib_2p63km2,2025-12-08,5.823276980344964,32.62931724941342,0.010416666666666666,52.7517604059687,160.742314367278,-0.26627981662750244,2661.126220703125,2785.2197265625,404
sukkur_calib_2p63km2,2025-12-23,4.185902974801502,34.04733022390295,0.015625,53.9303531563054,159.127237444114,-0.2324942946434021,2607.2109375,2712.490966796875,404
sukkur_calib_2p63km2,2026-01-02,3.2153810480575338,34.60294851137358,0.015625,53.8437780184461,157.603600998262,-0.18239901959896088,2757.58544921875,2816.851806640625,404
sukkur_calib_2p63km2,2026-01-04,3.1223135621920606,34.62385814136513,0.015625,53.7181178907588,157.337697788191,-0.38409507274627686,2597.1826171875,2764.2490234375,404
sukkur_calib_2p63km2,2026-02-16,1.8313701969192,31.382775623844196,0.020833333333333332,45.2328554640842,148.842123792936,-0.41813623905181885,2748.5693359375,2926.330078125,404
sukkur_calib_2p63km2,2026-02-21,3.721267430539548,30.805170426297625,0.020833333333333332,43.607528334812,147.806327545085,-0.5383361577987671,2678.672119140625,2935.039306640625,404
sukkur_calib_2p63km2,2026-02-26,5.481828095260154,30.27840231577597,0.036458333333333336,41.9212667380143,146.690331326948,-0.4828339219093323,2702.7451171875,2921.856689453125,404
sukkur_calib_2p63km2,2026-03-03,4.130051759196511,29.47986287664771,0.036458333333333336,40.1565904341065,145.575095565329,-0.48363277316093445,2792.496826171875,3015.515380859375,404
sundar_calib_4p34km2,2025-11-02,1.1688142362370546,28.102796289680306,0.015625,47.8422833782457,161.919528153539,-0.6284949779510498,2449.1337890625,2732.43896484375,2196
sundar_calib_4p34km2,2025-11-09,3.154435704545093,29.363639116922077,0.010416666666666666,49.8609367729423,162.691388330319,-0.698793888092041,2430.204833984375,2756.1083984375,2196
sundar_calib_4p34km2,2025-11-12,4.107185237599451,30.152494423399837,0.010416666666666666,50.7021867538525,162.788905498064,-0.7464771866798401,2464.9248046875,2786.028564453125,2196
sundar_calib_4p34km2,2025-11-15,0.7631176214560095,22.664854635840896,0.234375,50.9160324703296,165.860963159458,-0.14615939557552338,2565.6455078125,2685.81689453125,2144
sundar_calib_4p34km2,2025-11-25,0.43590960392717826,24.074763106683044,0.19791666666666666,53.2340342946354,165.783249083428,-0.35231518745422363,2436.515380859375,2602.89404296875,2196
sundar_calib_4p34km2,2025-12-05,0.40833698495592935,24.641567577886015,0.140625,54.9826397121894,165.242287198392,-0.5358181595802307,2338.587158203125,2587.271728515625,2196
sundar_calib_4p34km2,2026-01-21,1.5353513414392816,36.20060229423275,0.015625,54.7601309891563,156.003874087457,-0.7590984106063843,2154.66357421875,2432.97412109375,2196
sundar_calib_4p34km2,2026-02-15,1.9429107644367303,32.17849353586902,0.015625,48.3751008275377,151.589809136702,-0.7406665086746216,2209.520263671875,2618.19287109375,2196
sundar_calib_4p34km2,2026-02-20,0.8217007998075556,31.581571287020473,0.015625,46.7501371336936,150.671856229148,-0.6849467754364014,2551.1513671875,2734.292724609375,2196
sundar_calib_4p34km2,2026-02-23,1.6065172234900997,16.948375535017828,0.21354166666666666,44.7141113999025,153.286047972835,-0.4273412525653839,2341.14697265625,2515.658447265625,2196
sundar_calib_4p34km2,2026-02-25,2.050111775477224,30.674696953635454,0.020833333333333332,45.0211722807336,149.801261381305,-0.6380074620246887,2397.509521484375,2647.93310546875,2196
sundar_calib_4p34km2,2026-03-02,3.769756664224479,29.99305258767108,0.03125,43.2364710272109,148.878753753792,-0.6782181262969971,2335.826416015625,2681.1884765625,2196
