quadrat,base_rate,auc__baseline,ws__baseline,rate__baseline,auc__plus_local_contrast,ws__plus_local_contrast,rate__plus_local_contrast,auc__plus_shape_and_local_contrast,ws__plus_shape_and_local_contrast,rate__plus_shape_and_local_contrast
attock_periurban,0.015646828723107013,0.8026742630063664,0.6989747047546014,0.05811392095588118,0.801447629860914,0.698558058629767,0.05815241633430795,0.7884159198734845,0.688669912984041,0.05735028497957564
bahawalnagar_rural,0.02217741935483871,0.8717900656044986,0.8510385717667637,0.037743459125950125,0.8717900656044986,0.8492633393113068,0.03973992518036871,0.8637300843486411,0.8418577262691546,0.03967827237091097
faisalabad,0.13268608414239483,0.849381143065162,0.8297109147752618,0.2603794467135426,0.8493697670185657,0.8297072691835887,0.2589423759760913,0.8450354932653804,0.8209043972865637,0.25136735986100006
hasal,0.11146642302421197,0.8128086940031185,0.7810866845006932,0.04943020985328322,0.812868220321126,0.7810767622547162,0.04950596239534761,0.8138222217539719,0.7814831555035295,0.050559266286607396
islamabad_east,0.22314990512333965,0.8342650934335629,0.8018544026729812,0.20945240465823137,0.8343730995084893,0.8019813910792447,0.2072394174497941,0.8357075976457999,0.8030948876471482,0.20872133053970413
islamabad_north,0.21841541755888652,0.8943698798012356,0.8321120289504264,0.26977762036653175,0.8945016619661563,0.8325254659519863,0.2691159487067858,0.895265914585012,0.8343339782790483,0.2709493651131365
islamabad_northeast,0.18730325288562436,0.8574235518753803,0.8374746888007489,0.19867282581205783,0.8570257168214105,0.8369814437715711,0.19695458487473883,0.8589516001508558,0.8381061415279492,0.19777845645811273
islamabad_south,0.16840536512667661,0.8748012616170266,0.8402845636282732,0.15241552205564013,0.874385695197767,0.8396433650692948,0.15195807016821528,0.8748451228312241,0.839217305009433,0.15294565473644642
islamabad_west,0.272608125819135,0.8999740124740124,0.836812373240009,0.2643604101212268,0.9002976437976438,0.8372397795602776,0.2643722537285689,0.9005873180873181,0.8388977114280097,0.2650718593222912
karachi_coast,0.18150087260034903,0.914655452989175,0.8969910976199421,0.17553379751763448,0.9148188273946203,0.897295694848023,0.17841857069586586,0.9150677331064458,0.8985316079720861,0.17849430626143317
khairpur_rural,0.0070921985815602835,0.49642857142857144,0.4338375627341486,0.025188479164317164,0.49776785714285715,0.43481539077778564,0.025644033727222213,0.5040178571428572,0.44166018708324495,0.02578039290721202
lahore,0.2644444444444444,0.8869668914897278,0.7739195971506203,0.2037332951290015,0.886482435874652,0.7720801898860459,0.2017743634062871,0.8867718285703002,0.7726832583759409,0.2020167490455612
layyah_periurban,0.025684931506849314,0.7927357937902754,0.7710479916288642,0.022410157725108834,0.7927357937902754,0.7680231516536551,0.02312373269684893,0.7919156414762741,0.7586086620384901,0.022408897108870427
lodhran_periurban,0.03371970495258166,0.8160100872410033,0.6147284557404429,0.027718039102177242,0.8173732279171211,0.6217586221490187,0.028635553747261618,0.8196564885496184,0.6319825987172759,0.028393877567658085
malok,0.06518417925649296,0.841819218721627,0.7917735280948991,0.05225943544474724,0.841656074087525,0.7916479662888817,0.05299360345617775,0.8390542718358452,0.7882880863286983,0.05381563323907773
mardan,0.16017680488318248,0.7647492581651237,0.6859675951375034,0.08716606618737102,0.7639463310049104,0.685042541399455,0.08557846013138319,0.7640316296654909,0.6856249586090646,0.08588329911828871
multan,0.08540508920737058,0.9245370634027099,0.9052077075955526,0.16497869328075743,0.9245370634027099,0.905175660812159,0.16636050167298835,0.9239106150146098,0.9035690844390596,0.15996867441488036
muzaffargarh_rural,0.009389671361502348,0.8817798841495524,0.848607985654383,0.023311433487327914,0.8909952606635071,0.8674032948507222,0.024229901004928823,0.8894154818325435,0.8355787218502396,0.02310047286429953
muzaffargarh_rural_wide,0.009900990099009901,0.9359504132231405,0.8776191094993655,0.02659222479017471,0.9359504132231405,0.8762331203247855,0.027583740363513045,0.9326446280991736,0.8762851792111646,0.026792529824079717
nasirabad_rural,0.0,,,0.026171347573198764,,,0.027321812641597193,,,0.025780961640959225
peshawar,0.18871503082029398,0.910801817386171,0.8206139890397154,0.18506944257489497,0.9108678988161145,0.8204891788650549,0.18221162444537867,0.9124112673243482,0.8199392860893576,0.18445001971980438
peshawar_west,0.11175861175861176,0.8869038438049525,0.8613314457733896,0.14349895132196094,0.8868801924276061,0.861086136086592,0.14344501872643695,0.8847000422514962,0.8571998821624044,0.13748408392918446
quetta,0.049448459490300495,0.8349070397389725,0.8199016060514814,0.14510134122627255,0.8371633268692092,0.8220482812099782,0.14903998347314962,0.836996336996337,0.8220686726742564,0.148286577916275
rahim_yar_khan,0.14007922218221103,0.8370569643418463,0.7561440599219843,0.04595797461927191,0.8373761480926484,0.7564932263871679,0.04594020018200149,0.8379771070433574,0.757620514709084,0.046894326834239594
sanghar,0.04604380867232901,0.7750455207666698,0.6991160096116628,0.07141086363380938,0.775212211192093,0.6990403327385405,0.07312594332975257,0.7749517495038464,0.6984119780770078,0.0753010729704014
sialkot,0.10417163289630513,0.8194557940771359,0.7753455651137373,0.14301276382918315,0.8194637100653617,0.7753933149567865,0.14209019063201728,0.8143980865229692,0.7679397030858629,0.14504199753721084
site_karachi,0.12672292545710268,0.9339836251447676,0.9159231501209196,0.17091385274689555,0.9337079878855459,0.9154310487839118,0.17184147806367278,0.9318123114043217,0.9137570684758642,0.16701672250071134
sukkur,0.16934689858877586,0.7784135632880959,0.7102586779710595,0.09008350919180025,0.778305025436525,0.7099705551064424,0.0882438387436769,0.779809432800713,0.7102060166711773,0.09150133792818545
sundar,0.09162848812994585,0.913511316743779,0.8937772102338185,0.20780882165430234,0.9134112792297111,0.8939695688474235,0.20790429580473738,0.9107331916135217,0.8857629704949577,0.20122577614089351
tank_rural,0.044444444444444446,0.8976744186046511,0.9013833250378932,0.01364890004332231,0.8958139534883721,0.9002193459327377,0.013652447592090318,0.8832558139534884,0.8812166806534768,0.013001532354465467
